text,label,source,source_file,text_hash
"oggetto: promemoria scadenza password buongiorno, la password scadrà tra sette giorni secondo la normale policy annuale. il servizio coinvolto è portale hr nova. apri il portale dal segnalibro e scegli impostazioni > sicurezza. non comunicare password o codici via email; per dubbi usa i contatti pubblicati nella intranet. grazie, amministrazione — cooperativa orione",0,synthetic_legitimate_hard_negative_v1,batch_01/b01-password-01.txt,5d40082c3daadc139acb95eb24b9cd818a78c4beff34169496f5933732ad54b8
"oggetto: cambio password completato ciao, questa è una comunicazione informativa relativa a portale hr nova. la modifica richiesta questa mattina è stata registrata correttamente. se non riconosci l'attività telefona al service desk usando il numero interno. se hai già completato l'operazione puoi ignorare il promemoria. cordiali saluti, customer care — banca esempio",0,synthetic_legitimate_hard_negative_v1,batch_01/b01-password-02.txt,9a442fd42e1d1de316bbcc2fe19935cf9a7c5196fec7993ddc63e01bd6a0ed3e
"oggetto: rotazione credenziali programmata gentile collega, per portale hr nova: nel prossimo accesso verrà proposto il rinnovo periodico delle credenziali. indicazione operativa: segui la procedura mostrata dopo il normale login aziendale. accedi sempre dal preferito aziendale o dall'app ufficiale, senza usare link ricevuti da mittenti sconosciuti. service desk — aurora manufacturing",0,synthetic_legitimate_hard_negative_v1,batch_01/b01-password-03.txt,e69879d74552ae645b47f21bba5fc533d6def4347a9cb90c4bceabb3fdf20fad
"oggetto: promemoria scadenza password salve, per area ricerca ateneo registriamo il seguente aggiornamento: la password scadrà tra sette giorni secondo la normale policy annuale. apri il portale dal segnalibro e scegli impostazioni > sicurezza. per assistenza apri una richiesta dal catalogo servizi interno indicando l'oggetto di questa comunicazione. a disposizione, sistemi informativi — università delta",0,synthetic_legitimate_hard_negative_v1,batch_01/b01-password-04.txt,0d5aaf879c445f2573f071680c80bc3c50f12a30d179d31654cbc98b899ef71d
"oggetto: cambio password completato buongiorno, la modifica richiesta questa mattina è stata registrata correttamente. il servizio coinvolto è area ricerca ateneo. se non riconosci l'attività telefona al service desk usando il numero interno. non comunicare password o codici via email; per dubbi usa i contatti pubblicati nella intranet. grazie, amministrazione — cooperativa orione",0,synthetic_legitimate_hard_negative_v1,batch_01/b01-password-05.txt,a83be8a05695213c1cf5edd647ca1f2bf81bda8a25c1ccde6a444cc48287b637
"oggetto: rotazione credenziali programmata ciao, questa è una comunicazione informativa relativa a area ricerca ateneo. nel prossimo accesso verrà proposto il rinnovo periodico delle credenziali. segui la procedura mostrata dopo il normale login aziendale. se hai già completato l'operazione puoi ignorare il promemoria. cordiali saluti, customer care — banca esempio",0,synthetic_legitimate_hard_negative_v1,batch_01/b01-password-06.txt,fd4a44064536438c41fc970242f0a95f57e51bec8a890d00dbcf11e538dce352
"oggetto: promemoria scadenza password gentile collega, per gestionale rdap: la password scadrà tra sette giorni secondo la normale policy annuale. indicazione operativa: apri il portale dal segnalibro e scegli impostazioni > sicurezza. accedi sempre dal preferito aziendale o dall'app ufficiale, senza usare link ricevuti da mittenti sconosciuti. service desk — aurora manufacturing",0,synthetic_legitimate_hard_negative_v1,batch_01/b01-password-07.txt,c3f5811bd2748076dd8364f1f4e4906e231525140a21786d5a853b47cd650c4f
"oggetto: cambio password completato salve, per gestionale rdap registriamo il seguente aggiornamento: la modifica richiesta questa mattina è stata registrata correttamente. se non riconosci l'attività telefona al service desk usando il numero interno. per assistenza apri una richiesta dal catalogo servizi interno indicando l'oggetto di questa comunicazione. a disposizione, sistemi informativi — università delta",0,synthetic_legitimate_hard_negative_v1,batch_01/b01-password-08.txt,2e3e5036f34ed53f90966e16a99bb522214a342dd0e8e51b0b43a46eb78d4a9a
"oggetto: rotazione credenziali programmata buongiorno, nel prossimo accesso verrà proposto il rinnovo periodico delle credenziali. il servizio coinvolto è gestionale rdap. segui la procedura mostrata dopo il normale login aziendale. non comunicare password o codici via email; per dubbi usa i contatti pubblicati nella intranet. grazie, amministrazione — cooperativa orione",0,synthetic_legitimate_hard_negative_v1,batch_01/b01-password-09.txt,79ab50aaa41d878820cf81c121f9dafe160b74244b09596523c586dee25b25a6
"oggetto: promemoria scadenza password ciao, questa è una comunicazione informativa relativa a workspace atlas. la password scadrà tra sette giorni secondo la normale policy annuale. apri il portale dal segnalibro e scegli impostazioni > sicurezza. se hai già completato l'operazione puoi ignorare il promemoria. cordiali saluti, customer care — banca esempio",0,synthetic_legitimate_hard_negative_v1,batch_01/b01-password-10.txt,4039fdb39ae93cf63435bc79e807efb00fa976c4f464dd8a0d2c04dfdc341a95
"oggetto: cambio password completato gentile collega, per workspace atlas: la modifica richiesta questa mattina è stata registrata correttamente. indicazione operativa: se non riconosci l'attività telefona al service desk usando il numero interno. accedi sempre dal preferito aziendale o dall'app ufficiale, senza usare link ricevuti da mittenti sconosciuti. service desk — aurora manufacturing",0,synthetic_legitimate_hard_negative_v1,batch_01/b01-password-11.txt,f13e5bb3755d5047fcdf7369e2f8226231a0df79eb657720b791f854ff9fb055
"oggetto: rotazione credenziali programmata salve, per workspace atlas registriamo il seguente aggiornamento: nel prossimo accesso verrà proposto il rinnovo periodico delle credenziali. segui la procedura mostrata dopo il normale login aziendale. per assistenza apri una richiesta dal catalogo servizi interno indicando l'oggetto di questa comunicazione. a disposizione, sistemi informativi — università delta",0,synthetic_legitimate_hard_negative_v1,batch_01/b01-password-12.txt,a6653ee7db388c5e0e6c14c98e7fb39605585d85238493122ce7171a8cb34319
"subject: password expiry reminder hello, your password is due to expire in seven days under the annual security policy. this notice concerns employee hub. open the bookmarked portal and select settings, then security. never send passwords or verification codes by email; use the support details in the company directory if you need help. regards, customer support — example financial",0,synthetic_legitimate_hard_negative_v1,batch_01/b01-password-13.txt,1a01d99b381700a6d61b51f31cd032344edb0e6361f41c79fce56d01013735be
"subject: password change confirmed hi, this is an informational message about employee hub. the password change requested earlier today was completed successfully. if this was not you, call the internal service desk using the staff directory. if you have already completed the task, no further action is required. best regards, people services — blue yonder group",0,synthetic_legitimate_hard_negative_v1,batch_01/b01-password-14.txt,19b677f5f69d0ecfc2c32de552570a70a2a0831a1973f9863d87fea7a316b6f9
"subject: password expiry reminder dear colleague, for research portal: your password is due to expire in seven days under the annual security policy. recommended step: open the bookmarked portal and select settings, then security. open the service from your saved corporate portal or its official application, not from an unexpected message. it service desk — northwind research",0,synthetic_legitimate_hard_negative_v1,batch_01/b01-password-15.txt,171c2f34c76e8b31dbd6cc7569d87fcc990447b37e2f5026d540a57f8970cb1a
"subject: password change confirmed good morning, research portal recorded this routine update: the password change requested earlier today was completed successfully. if this was not you, call the internal service desk using the staff directory. for assistance, open a request from the internal service catalog and quote this notification's subject. operations team — contoso europe",0,synthetic_legitimate_hard_negative_v1,batch_01/b01-password-16.txt,249363defabdd421ae23ddad7f25561a4e94eb24e30d3480d2d86d585519a378
"subject: password expiry reminder hello, your password is due to expire in seven days under the annual security policy. this notice concerns document registry. open the bookmarked portal and select settings, then security. never send passwords or verification codes by email; use the support details in the company directory if you need help. regards, customer support — example financial",0,synthetic_legitimate_hard_negative_v1,batch_01/b01-password-17.txt,4529f2079b466b42286e42676e90822f20c8f958c26db357aad0648243ca4fc2
"subject: password change confirmed hi, this is an informational message about document registry. the password change requested earlier today was completed successfully. if this was not you, call the internal service desk using the staff directory. if you have already completed the task, no further action is required. best regards, people services — blue yonder group",0,synthetic_legitimate_hard_negative_v1,batch_01/b01-password-18.txt,314b671621a3c64ae7629257c861b7bde86b6fbbce30a6cc391c278904524d74
"subject: password expiry reminder dear colleague, for atlas workspace: your password is due to expire in seven days under the annual security policy. recommended step: open the bookmarked portal and select settings, then security. open the service from your saved corporate portal or its official application, not from an unexpected message. it service desk — northwind research",0,synthetic_legitimate_hard_negative_v1,batch_01/b01-password-19.txt,b30f382aa3e7acbe4ea159ea22591c953f6b15889beddaa37e43ab91dcf47437
"subject: password change confirmed good morning, atlas workspace recorded this routine update: the password change requested earlier today was completed successfully. if this was not you, call the internal service desk using the staff directory. for assistance, open a request from the internal service catalog and quote this notification's subject. operations team — contoso europe",0,synthetic_legitimate_hard_negative_v1,batch_01/b01-password-20.txt,64cd035a92b805bf626d3071d15dccd755e683c551c8aaaf529fd978f5d5efa5
"oggetto: attivazione token approvata buongiorno, l'assegnazione del token mobile richiesta dal responsabile è disponibile per la configurazione. il servizio coinvolto è vpn sede centrale. avvia l'app aziendale e associa il dispositivo dalla sezione sicurezza. non comunicare password o codici via email; per dubbi usa i contatti pubblicati nella intranet. grazie, customer care — banca esempio",0,synthetic_legitimate_hard_negative_v1,batch_02/b02-vpn_mfa-01.txt,530eb3da193c1fee8a9af6a70880f4c12717ca590b1f7a8885620b41d9962374
"oggetto: rinnovo certificato vpn ciao, questa è una comunicazione informativa relativa a vpn sede centrale. il certificato del profilo vpn arriverà alla normale scadenza questo mese. connetti il computer alla rete aziendale e avvia l'aggiornamento dal client installato. se hai già completato l'operazione puoi ignorare il promemoria. cordiali saluti, service desk — aurora manufacturing",0,synthetic_legitimate_hard_negative_v1,batch_02/b02-vpn_mfa-02.txt,994238a6d3468ba05151096631ff093d91bfa84b740a1d2c9a3448e57ac66d8a
"oggetto: metodo mfa registrato gentile collega, per vpn sede centrale: il nuovo metodo di autenticazione è stato associato al tuo account di lavoro. indicazione operativa: se riconosci l'operazione non devi fare altro; altrimenti apri un ticket interno. accedi sempre dal preferito aziendale o dall'app ufficiale, senza usare link ricevuti da mittenti sconosciuti. sistemi informativi — università delta",0,synthetic_legitimate_hard_negative_v1,batch_02/b02-vpn_mfa-03.txt,691a8c20f29379338ac0d7ead31a7e247d1a738b935b7acb2d8094d764672e19
"oggetto: attivazione token approvata salve, per fortitoken aziendale registriamo il seguente aggiornamento: l'assegnazione del token mobile richiesta dal responsabile è disponibile per la configurazione. avvia l'app aziendale e associa il dispositivo dalla sezione sicurezza. per assistenza apri una richiesta dal catalogo servizi interno indicando l'oggetto di questa comunicazione. a disposizione, amministrazione — cooperativa orione",0,synthetic_legitimate_hard_negative_v1,batch_02/b02-vpn_mfa-04.txt,ac831ce5766c55f6dec5df67c9632e66e099432fd6916da14b97a50ea4addcf0
"oggetto: rinnovo certificato vpn buongiorno, il certificato del profilo vpn arriverà alla normale scadenza questo mese. il servizio coinvolto è fortitoken aziendale. connetti il computer alla rete aziendale e avvia l'aggiornamento dal client installato. non comunicare password o codici via email; per dubbi usa i contatti pubblicati nella intranet. grazie, customer care — banca esempio",0,synthetic_legitimate_hard_negative_v1,batch_02/b02-vpn_mfa-05.txt,362c269b75dab4376ce9d5ef71b8d2c4e616235ee270f86dcfc2cb52e8154d1b
"oggetto: metodo mfa registrato ciao, questa è una comunicazione informativa relativa a fortitoken aziendale. il nuovo metodo di autenticazione è stato associato al tuo account di lavoro. se riconosci l'operazione non devi fare altro; altrimenti apri un ticket interno. se hai già completato l'operazione puoi ignorare il promemoria. cordiali saluti, service desk — aurora manufacturing",0,synthetic_legitimate_hard_negative_v1,batch_02/b02-vpn_mfa-06.txt,8c3832e78f4bf1403843f78f36971cd7db8bdc559c6ecd409b3ea638dd3d658e
"oggetto: attivazione token approvata gentile collega, per accesso remoto tecnici: l'assegnazione del token mobile richiesta dal responsabile è disponibile per la configurazione. indicazione operativa: avvia l'app aziendale e associa il dispositivo dalla sezione sicurezza. accedi sempre dal preferito aziendale o dall'app ufficiale, senza usare link ricevuti da mittenti sconosciuti. sistemi informativi — università delta",0,synthetic_legitimate_hard_negative_v1,batch_02/b02-vpn_mfa-07.txt,5b73fc5ccc1595de9cb88a0cfa8f8b54b8b9cc42e71dc941b562d59d35a81537
"oggetto: rinnovo certificato vpn salve, per accesso remoto tecnici registriamo il seguente aggiornamento: il certificato del profilo vpn arriverà alla normale scadenza questo mese. connetti il computer alla rete aziendale e avvia l'aggiornamento dal client installato. per assistenza apri una richiesta dal catalogo servizi interno indicando l'oggetto di questa comunicazione. a disposizione, amministrazione — cooperativa orione",0,synthetic_legitimate_hard_negative_v1,batch_02/b02-vpn_mfa-08.txt,070695a8117875177b5e25d1d0f4fe263d59e450edf8fc02c8c1a1d15a8cd703
"oggetto: metodo mfa registrato buongiorno, il nuovo metodo di autenticazione è stato associato al tuo account di lavoro. il servizio coinvolto è accesso remoto tecnici. se riconosci l'operazione non devi fare altro; altrimenti apri un ticket interno. non comunicare password o codici via email; per dubbi usa i contatti pubblicati nella intranet. grazie, customer care — banca esempio",0,synthetic_legitimate_hard_negative_v1,batch_02/b02-vpn_mfa-09.txt,0be2b3833b531b67e8290eb5f1dec84f0cab587f41f1943a6c0be3bdb7caa327
"oggetto: attivazione token approvata ciao, questa è una comunicazione informativa relativa a portale mfa. l'assegnazione del token mobile richiesta dal responsabile è disponibile per la configurazione. avvia l'app aziendale e associa il dispositivo dalla sezione sicurezza. se hai già completato l'operazione puoi ignorare il promemoria. cordiali saluti, service desk — aurora manufacturing",0,synthetic_legitimate_hard_negative_v1,batch_02/b02-vpn_mfa-10.txt,f8ed4c0430f315e64064518555c8b67b458fefe7f20986fb5e901e6d68aaacbb
"oggetto: rinnovo certificato vpn gentile collega, per portale mfa: il certificato del profilo vpn arriverà alla normale scadenza questo mese. indicazione operativa: connetti il computer alla rete aziendale e avvia l'aggiornamento dal client installato. accedi sempre dal preferito aziendale o dall'app ufficiale, senza usare link ricevuti da mittenti sconosciuti. sistemi informativi — università delta",0,synthetic_legitimate_hard_negative_v1,batch_02/b02-vpn_mfa-11.txt,95703bb010fbfbac458e78c64bea22f6ff31dcaab8ab30ccd8e7a3f42ec10bea
"oggetto: metodo mfa registrato salve, per portale mfa registriamo il seguente aggiornamento: il nuovo metodo di autenticazione è stato associato al tuo account di lavoro. se riconosci l'operazione non devi fare altro; altrimenti apri un ticket interno. per assistenza apri una richiesta dal catalogo servizi interno indicando l'oggetto di questa comunicazione. a disposizione, amministrazione — cooperativa orione",0,synthetic_legitimate_hard_negative_v1,batch_02/b02-vpn_mfa-12.txt,8465df43a630213c687e9fe374baebab25c5dc9cafcc6ef0e86f48da8c458fe8
"subject: vpn certificate renewal hello, the certificate used by your managed vpn profile reaches its scheduled expiry this month. this notice concerns corporate vpn. connect through the managed client and start the update from its settings page. never send passwords or verification codes by email; use the support details in the company directory if you need help. regards, people services — blue yonder group",0,synthetic_legitimate_hard_negative_v1,batch_02/b02-vpn_mfa-13.txt,2ed2272579b48c38e95c75c2bab0cdf12168752694c724c9e1ee67a0fd25ffdc
"subject: authenticator enrollment confirmed hi, this is an informational message about corporate vpn. the mobile authentication method requested through it has been linked to your work account. no action is needed if you recognize it; otherwise open an internal support ticket. if you have already completed the task, no further action is required. best regards, it service desk — northwind research",0,synthetic_legitimate_hard_negative_v1,batch_02/b02-vpn_mfa-14.txt,6f23cf6d08b2bb6ef79e3858ad7c6e3e92d65a0c2aba01227b1d57423e5b6234
"subject: vpn certificate renewal dear colleague, for mobile authenticator: the certificate used by your managed vpn profile reaches its scheduled expiry this month. recommended step: connect through the managed client and start the update from its settings page. open the service from your saved corporate portal or its official application, not from an unexpected message. operations team — contoso europe",0,synthetic_legitimate_hard_negative_v1,batch_02/b02-vpn_mfa-15.txt,0ca74c52f24ef43b557c5ae9dbacb4a16f967bf482cfca1aadb23ff93ed22778
"subject: authenticator enrollment confirmed good morning, mobile authenticator recorded this routine update: the mobile authentication method requested through it has been linked to your work account. no action is needed if you recognize it; otherwise open an internal support ticket. for assistance, open a request from the internal service catalog and quote this notification's subject. customer support — example financial",0,synthetic_legitimate_hard_negative_v1,batch_02/b02-vpn_mfa-16.txt,061349559c488149cc56a1cac0c9b6fd473da957b351f17364a9b154c8dcd5bf
"subject: vpn certificate renewal hello, the certificate used by your managed vpn profile reaches its scheduled expiry this month. this notice concerns remote engineering access. connect through the managed client and start the update from its settings page. never send passwords or verification codes by email; use the support details in the company directory if you need help. regards, people services — blue yonder group",0,synthetic_legitimate_hard_negative_v1,batch_02/b02-vpn_mfa-17.txt,decc40647b853f700d0524536e60e8e17fea1d6aad26820403e7d9371d438a20
"subject: authenticator enrollment confirmed hi, this is an informational message about remote engineering access. the mobile authentication method requested through it has been linked to your work account. no action is needed if you recognize it; otherwise open an internal support ticket. if you have already completed the task, no further action is required. best regards, it service desk — northwind research",0,synthetic_legitimate_hard_negative_v1,batch_02/b02-vpn_mfa-18.txt,f4cece2eceb842f260bdce4c4845386f65f9c8638cc4b5f809db4cb2fac3cd39
"subject: vpn certificate renewal dear colleague, for mfa portal: the certificate used by your managed vpn profile reaches its scheduled expiry this month. recommended step: connect through the managed client and start the update from its settings page. open the service from your saved corporate portal or its official application, not from an unexpected message. operations team — contoso europe",0,synthetic_legitimate_hard_negative_v1,batch_02/b02-vpn_mfa-19.txt,764436beb12eecf5823925d3b08c910f1b1d0a02bb61510ce094bb826777ebf9
"subject: authenticator enrollment confirmed good morning, mfa portal recorded this routine update: the mobile authentication method requested through it has been linked to your work account. no action is needed if you recognize it; otherwise open an internal support ticket. for assistance, open a request from the internal service catalog and quote this notification's subject. customer support — example financial",0,synthetic_legitimate_hard_negative_v1,batch_02/b02-vpn_mfa-20.txt,b8e17fb539eee4f71a01251c32132df9f8bceb2122a97e053ffb92db1ecd3645
"oggetto: carta virtuale creata buongiorno, è stata generata una carta virtuale di prova con importo massimo di un euro. il servizio coinvolto è app banca esempio. controlla i dettagli direttamente nell'app; se non la riconosci chiama il numero sul retro della carta fisica. non comunicare password o codici via email; per dubbi usa i contatti pubblicati nella intranet. grazie, service desk — aurora manufacturing",0,synthetic_legitimate_hard_negative_v1,batch_03/b03-banking-01.txt,6986dc2dee8fa8fe7fcf0fb9f15b9ed146710c74ecf72fc792f4dece1ec3702c
"oggetto: pagamento contabilizzato ciao, questa è una comunicazione informativa relativa a app banca esempio. un pagamento autorizzato è stato contabilizzato sul conto con la data prevista. verifica il movimento nell'area riservata senza rispondere a questa email automatica. se hai già completato l'operazione puoi ignorare il promemoria. cordiali saluti, sistemi informativi — università delta",0,synthetic_legitimate_hard_negative_v1,batch_03/b03-banking-02.txt,e39113858246188a7b72a1ba9fa9c219f053acd249bde6aed187c62a0ececb64
"oggetto: estratto conto disponibile gentile collega, per app banca esempio: il nuovo estratto conto mensile è pronto nell'archivio documenti. indicazione operativa: apri l'app ufficiale e consulta documenti > estratti conto. accedi sempre dal preferito aziendale o dall'app ufficiale, senza usare link ricevuti da mittenti sconosciuti. amministrazione — cooperativa orione",0,synthetic_legitimate_hard_negative_v1,batch_03/b03-banking-03.txt,ba7f7395413e08371440783f0b7b81c19c9fa3547521f3e43b6afbe71acbd0bd
"oggetto: carta virtuale creata salve, per carta aziendale orione registriamo il seguente aggiornamento: è stata generata una carta virtuale di prova con importo massimo di un euro. controlla i dettagli direttamente nell'app; se non la riconosci chiama il numero sul retro della carta fisica. per assistenza apri una richiesta dal catalogo servizi interno indicando l'oggetto di questa comunicazione. a disposizione, customer care — banca esempio",0,synthetic_legitimate_hard_negative_v1,batch_03/b03-banking-04.txt,119f476dbed9ab5c91f919d05060fdb19ec0f582f5b85222c2b7db3259fea0f6
"oggetto: pagamento contabilizzato buongiorno, un pagamento autorizzato è stato contabilizzato sul conto con la data prevista. il servizio coinvolto è carta aziendale orione. verifica il movimento nell'area riservata senza rispondere a questa email automatica. non comunicare password o codici via email; per dubbi usa i contatti pubblicati nella intranet. grazie, service desk — aurora manufacturing",0,synthetic_legitimate_hard_negative_v1,batch_03/b03-banking-05.txt,51d5c75705ab4f26363618a2e5de3c564139209b8f8e43af22ec447ce83f51e6
"oggetto: estratto conto disponibile ciao, questa è una comunicazione informativa relativa a carta aziendale orione. il nuovo estratto conto mensile è pronto nell'archivio documenti. apri l'app ufficiale e consulta documenti > estratti conto. se hai già completato l'operazione puoi ignorare il promemoria. cordiali saluti, sistemi informativi — università delta",0,synthetic_legitimate_hard_negative_v1,batch_03/b03-banking-06.txt,e634eefbe49393bcdacd090a002097e1f3071ccfef28a056bb528abbb9730a16
"oggetto: carta virtuale creata gentile collega, per tesoreria digitale: è stata generata una carta virtuale di prova con importo massimo di un euro. indicazione operativa: controlla i dettagli direttamente nell'app; se non la riconosci chiama il numero sul retro della carta fisica. accedi sempre dal preferito aziendale o dall'app ufficiale, senza usare link ricevuti da mittenti sconosciuti. amministrazione — cooperativa orione",0,synthetic_legitimate_hard_negative_v1,batch_03/b03-banking-07.txt,14d7f6a8c47301e4db52b24726b1e0bb1aa3653fca77db6ea53b82dbeeea24fe
"oggetto: pagamento contabilizzato salve, per tesoreria digitale registriamo il seguente aggiornamento: un pagamento autorizzato è stato contabilizzato sul conto con la data prevista. verifica il movimento nell'area riservata senza rispondere a questa email automatica. per assistenza apri una richiesta dal catalogo servizi interno indicando l'oggetto di questa comunicazione. a disposizione, customer care — banca esempio",0,synthetic_legitimate_hard_negative_v1,batch_03/b03-banking-08.txt,30350144de0bcbb243b1120bc29c61902232328dc8e18dc8defeccb10cd501ad
"oggetto: estratto conto disponibile buongiorno, il nuovo estratto conto mensile è pronto nell'archivio documenti. il servizio coinvolto è tesoreria digitale. apri l'app ufficiale e consulta documenti > estratti conto. non comunicare password o codici via email; per dubbi usa i contatti pubblicati nella intranet. grazie, service desk — aurora manufacturing",0,synthetic_legitimate_hard_negative_v1,batch_03/b03-banking-09.txt,e8b77de17772d3422142b34850c60b8b5da202cc679bca8efb6f3d676c4f6958
"oggetto: carta virtuale creata ciao, questa è una comunicazione informativa relativa a portale rimborsi. è stata generata una carta virtuale di prova con importo massimo di un euro. controlla i dettagli direttamente nell'app; se non la riconosci chiama il numero sul retro della carta fisica. se hai già completato l'operazione puoi ignorare il promemoria. cordiali saluti, sistemi informativi — università delta",0,synthetic_legitimate_hard_negative_v1,batch_03/b03-banking-10.txt,b155060e3e4d9075802c1ee156a3643b38c333a5d539c364a8283c93ce749aad
"oggetto: pagamento contabilizzato gentile collega, per portale rimborsi: un pagamento autorizzato è stato contabilizzato sul conto con la data prevista. indicazione operativa: verifica il movimento nell'area riservata senza rispondere a questa email automatica. accedi sempre dal preferito aziendale o dall'app ufficiale, senza usare link ricevuti da mittenti sconosciuti. amministrazione — cooperativa orione",0,synthetic_legitimate_hard_negative_v1,batch_03/b03-banking-11.txt,5a72a597e0cce44b74becf3627cebc952fb5a2e4333adf347433970cde96f316
"oggetto: estratto conto disponibile salve, per portale rimborsi registriamo il seguente aggiornamento: il nuovo estratto conto mensile è pronto nell'archivio documenti. apri l'app ufficiale e consulta documenti > estratti conto. per assistenza apri una richiesta dal catalogo servizi interno indicando l'oggetto di questa comunicazione. a disposizione, customer care — banca esempio",0,synthetic_legitimate_hard_negative_v1,batch_03/b03-banking-12.txt,347fb6c0a6bd77bbdb434d4689bc0653389287a917ef078bf10dd51be9837d7e
"subject: virtual card created hello, a low-limit virtual card requested through the approved workflow is now active. this notice concerns example banking app. review it in the official app; call the number printed on the physical card if it is unexpected. never send passwords or verification codes by email; use the support details in the company directory if you need help. regards, it service desk — northwind research",0,synthetic_legitimate_hard_negative_v1,batch_03/b03-banking-13.txt,bb5dbef6b4e4038ad3b7c55809891ccf8e717fdb574a957cc19ff3af5e298a91
"subject: monthly statement available hi, this is an informational message about example banking app. your monthly account statement has been published in the secure document archive. open the official application and select documents, then statements. if you have already completed the task, no further action is required. best regards, operations team — contoso europe",0,synthetic_legitimate_hard_negative_v1,batch_03/b03-banking-14.txt,48ba255b11463baf4feb051ee9ef36fb75b950d3fd77aed949553ef757df7241
"subject: virtual card created dear colleague, for corporate travel card: a low-limit virtual card requested through the approved workflow is now active. recommended step: review it in the official app; call the number printed on the physical card if it is unexpected. open the service from your saved corporate portal or its official application, not from an unexpected message. customer support — example financial",0,synthetic_legitimate_hard_negative_v1,batch_03/b03-banking-15.txt,08c4edd1a2eb5993a3c949752bca2f9993fa7772be8d36e6c82f2c5be13182a4
"subject: monthly statement available good morning, corporate travel card recorded this routine update: your monthly account statement has been published in the secure document archive. open the official application and select documents, then statements. for assistance, open a request from the internal service catalog and quote this notification's subject. people services — blue yonder group",0,synthetic_legitimate_hard_negative_v1,batch_03/b03-banking-16.txt,119f31299605031311b15732e3c3331d02154e37ef53c8bd0d7c2a0206de1ff4
"subject: virtual card created hello, a low-limit virtual card requested through the approved workflow is now active. this notice concerns treasury online. review it in the official app; call the number printed on the physical card if it is unexpected. never send passwords or verification codes by email; use the support details in the company directory if you need help. regards, it service desk — northwind research",0,synthetic_legitimate_hard_negative_v1,batch_03/b03-banking-17.txt,f35c1bce3f015921999a475efa65b5703b0b688d198db1dbb4a3c0247290cc6b
"subject: monthly statement available hi, this is an informational message about treasury online. your monthly account statement has been published in the secure document archive. open the official application and select documents, then statements. if you have already completed the task, no further action is required. best regards, operations team — contoso europe",0,synthetic_legitimate_hard_negative_v1,batch_03/b03-banking-18.txt,afba686903e3bf7b120390b168ebc4444500c1594db1e0eaeb849520740847ef
"subject: virtual card created dear colleague, for expense portal: a low-limit virtual card requested through the approved workflow is now active. recommended step: review it in the official app; call the number printed on the physical card if it is unexpected. open the service from your saved corporate portal or its official application, not from an unexpected message. customer support — example financial",0,synthetic_legitimate_hard_negative_v1,batch_03/b03-banking-19.txt,62fcae7febad6cd9704b16ddcd64826ccd0412126d4f5bdeae2877c1eeb6dcbc
"subject: monthly statement available good morning, expense portal recorded this routine update: your monthly account statement has been published in the secure document archive. open the official application and select documents, then statements. for assistance, open a request from the internal service catalog and quote this notification's subject. people services — blue yonder group",0,synthetic_legitimate_hard_negative_v1,batch_03/b03-banking-20.txt,8e135fde93d132d8fa6a095c53ba0c33cda739e14578fe9db9c1266f8fe6a594
"oggetto: accesso recente verificato buongiorno, è stato registrato un accesso dal computer aziendale assegnato al tuo profilo. il servizio coinvolto è centro sicurezza endpoint. consulta la cronologia dal portale abituale solo se desideri verificare data e posizione. non comunicare password o codici via email; per dubbi usa i contatti pubblicati nella intranet. grazie, sistemi informativi — università delta",0,synthetic_legitimate_hard_negative_v1,batch_04/b04-security_access-01.txt,a544d5a1a8c784c39286fae1f613751c3a07dd64ca830239a82d1640ac124c10
"oggetto: promemoria formazione sicurezza ciao, questa è una comunicazione informativa relativa a centro sicurezza endpoint. il corso annuale sulla protezione dei dati è disponibile fino alla fine del mese. apri il catalogo formazione dalla intranet e riprendi il modulo assegnato. se hai già completato l'operazione puoi ignorare il promemoria. cordiali saluti, amministrazione — cooperativa orione",0,synthetic_legitimate_hard_negative_v1,batch_04/b04-security_access-02.txt,85311209f8db30cd07b62b203f9e4690d3d1a5e153215791cabcfa47451b2165
"oggetto: controllo conformità dispositivo gentile collega, per centro sicurezza endpoint: l'aggiornamento del sistema operativo ha riportato il dispositivo nello stato conforme. indicazione operativa: non è richiesta alcuna operazione finché la console mostra il segno verde. accedi sempre dal preferito aziendale o dall'app ufficiale, senza usare link ricevuti da mittenti sconosciuti. customer care — banca esempio",0,synthetic_legitimate_hard_negative_v1,batch_04/b04-security_access-03.txt,b463ee962af68f6d65a7aaf302bcb55fcee750e199301ef8142b808366382bce
"oggetto: accesso recente verificato salve, per portale formazione registriamo il seguente aggiornamento: è stato registrato un accesso dal computer aziendale assegnato al tuo profilo. consulta la cronologia dal portale abituale solo se desideri verificare data e posizione. per assistenza apri una richiesta dal catalogo servizi interno indicando l'oggetto di questa comunicazione. a disposizione, service desk — aurora manufacturing",0,synthetic_legitimate_hard_negative_v1,batch_04/b04-security_access-04.txt,67419129a0a6b58f08bd614d754e5843dd631e2d279b1fa1092d354550683972
"oggetto: promemoria formazione sicurezza buongiorno, il corso annuale sulla protezione dei dati è disponibile fino alla fine del mese. il servizio coinvolto è portale formazione. apri il catalogo formazione dalla intranet e riprendi il modulo assegnato. non comunicare password o codici via email; per dubbi usa i contatti pubblicati nella intranet. grazie, sistemi informativi — università delta",0,synthetic_legitimate_hard_negative_v1,batch_04/b04-security_access-05.txt,dca12dfa1bb899ffadac3d363436100231f132728b42912ab61dc24d8cd4a928
"oggetto: controllo conformità dispositivo ciao, questa è una comunicazione informativa relativa a portale formazione. l'aggiornamento del sistema operativo ha riportato il dispositivo nello stato conforme. non è richiesta alcuna operazione finché la console mostra il segno verde. se hai già completato l'operazione puoi ignorare il promemoria. cordiali saluti, amministrazione — cooperativa orione",0,synthetic_legitimate_hard_negative_v1,batch_04/b04-security_access-06.txt,7ed737908a08e900faf2d4d142aeed7a618ca6c7365b6e92228ff833fc4c7391
"oggetto: accesso recente verificato gentile collega, per microsoft 365 aziendale: è stato registrato un accesso dal computer aziendale assegnato al tuo profilo. indicazione operativa: consulta la cronologia dal portale abituale solo se desideri verificare data e posizione. accedi sempre dal preferito aziendale o dall'app ufficiale, senza usare link ricevuti da mittenti sconosciuti. customer care — banca esempio",0,synthetic_legitimate_hard_negative_v1,batch_04/b04-security_access-07.txt,1ebb457cad80a0bcc3c58843a8b5251831e06569f4d0603dde95ea573b53babc
"oggetto: promemoria formazione sicurezza salve, per microsoft 365 aziendale registriamo il seguente aggiornamento: il corso annuale sulla protezione dei dati è disponibile fino alla fine del mese. apri il catalogo formazione dalla intranet e riprendi il modulo assegnato. per assistenza apri una richiesta dal catalogo servizi interno indicando l'oggetto di questa comunicazione. a disposizione, service desk — aurora manufacturing",0,synthetic_legitimate_hard_negative_v1,batch_04/b04-security_access-08.txt,e27c918148a2382e01141390f6cce6eb8e448d009986be241461cdd2b31b1a9a
"oggetto: controllo conformità dispositivo buongiorno, l'aggiornamento del sistema operativo ha riportato il dispositivo nello stato conforme. il servizio coinvolto è microsoft 365 aziendale. non è richiesta alcuna operazione finché la console mostra il segno verde. non comunicare password o codici via email; per dubbi usa i contatti pubblicati nella intranet. grazie, sistemi informativi — università delta",0,synthetic_legitimate_hard_negative_v1,batch_04/b04-security_access-09.txt,e1590886071440b6f4224e539b613c475ef851ec278ba11899aca8f03c2a9169
"oggetto: accesso recente verificato ciao, questa è una comunicazione informativa relativa a console dispositivi. è stato registrato un accesso dal computer aziendale assegnato al tuo profilo. consulta la cronologia dal portale abituale solo se desideri verificare data e posizione. se hai già completato l'operazione puoi ignorare il promemoria. cordiali saluti, amministrazione — cooperativa orione",0,synthetic_legitimate_hard_negative_v1,batch_04/b04-security_access-10.txt,80d90b95fe72a9ef7339555455ae25f4e2434a3ce8bb07dff2d9c06d90ce2528
"oggetto: promemoria formazione sicurezza gentile collega, per console dispositivi: il corso annuale sulla protezione dei dati è disponibile fino alla fine del mese. indicazione operativa: apri il catalogo formazione dalla intranet e riprendi il modulo assegnato. accedi sempre dal preferito aziendale o dall'app ufficiale, senza usare link ricevuti da mittenti sconosciuti. customer care — banca esempio",0,synthetic_legitimate_hard_negative_v1,batch_04/b04-security_access-11.txt,647002c19194ca27143c4d914220144111f3cef2c4c187dd45af6ab3a436736c
"oggetto: controllo conformità dispositivo salve, per console dispositivi registriamo il seguente aggiornamento: l'aggiornamento del sistema operativo ha riportato il dispositivo nello stato conforme. non è richiesta alcuna operazione finché la console mostra il segno verde. per assistenza apri una richiesta dal catalogo servizi interno indicando l'oggetto di questa comunicazione. a disposizione, service desk — aurora manufacturing",0,synthetic_legitimate_hard_negative_v1,batch_04/b04-security_access-12.txt,dc8b63f6601bf40d247a3c99e8c7c33aad0098bd39c4f1e45d7b9bff860568c9
"subject: recent sign-in verified hello, a sign-in from your assigned corporate laptop was recorded by the normal monitoring service. this notice concerns endpoint security center. review the activity from your usual security dashboard only if you need the details. never send passwords or verification codes by email; use the support details in the company directory if you need help. regards, operations team — contoso europe",0,synthetic_legitimate_hard_negative_v1,batch_04/b04-security_access-13.txt,3822c2643377781a857dfa49de6d2c907ea2228f8c2f25ab3255c4245c6b56cd
"subject: security training reminder hi, this is an informational message about endpoint security center. the annual data-protection course remains available until the end of the month. open the learning catalog from the intranet and continue the assigned module. if you have already completed the task, no further action is required. best regards, customer support — example financial",0,synthetic_legitimate_hard_negative_v1,batch_04/b04-security_access-14.txt,4cf817c3cecaf72eeed2726665b94b607e1c3d26af2729183c82b089839b7e78
"subject: recent sign-in verified dear colleague, for learning portal: a sign-in from your assigned corporate laptop was recorded by the normal monitoring service. recommended step: review the activity from your usual security dashboard only if you need the details. open the service from your saved corporate portal or its official application, not from an unexpected message. people services — blue yonder group",0,synthetic_legitimate_hard_negative_v1,batch_04/b04-security_access-15.txt,3aa0dfe5eb2399dc08cf4cfab4a8c1cfe0a19fab469497ee30242e4b3358e7d3
"subject: security training reminder good morning, learning portal recorded this routine update: the annual data-protection course remains available until the end of the month. open the learning catalog from the intranet and continue the assigned module. for assistance, open a request from the internal service catalog and quote this notification's subject. it service desk — northwind research",0,synthetic_legitimate_hard_negative_v1,batch_04/b04-security_access-16.txt,302403afb2b3d2dd9030556a8f6ce0cac94d5dc4748a833c977695d23838eaf0
"subject: recent sign-in verified hello, a sign-in from your assigned corporate laptop was recorded by the normal monitoring service. this notice concerns corporate microsoft 365. review the activity from your usual security dashboard only if you need the details. never send passwords or verification codes by email; use the support details in the company directory if you need help. regards, operations team — contoso europe",0,synthetic_legitimate_hard_negative_v1,batch_04/b04-security_access-17.txt,7b98c55748584875aecab4fcf16c3d7ffd51841214bbf59c8bd5f780ca02c61f
"subject: security training reminder hi, this is an informational message about corporate microsoft 365. the annual data-protection course remains available until the end of the month. open the learning catalog from the intranet and continue the assigned module. if you have already completed the task, no further action is required. best regards, customer support — example financial",0,synthetic_legitimate_hard_negative_v1,batch_04/b04-security_access-18.txt,601a7a462d379746ceb0797deac3d625958b313234f9b388ec3c048684f134a5
"subject: recent sign-in verified dear colleague, for device console: a sign-in from your assigned corporate laptop was recorded by the normal monitoring service. recommended step: review the activity from your usual security dashboard only if you need the details. open the service from your saved corporate portal or its official application, not from an unexpected message. people services — blue yonder group",0,synthetic_legitimate_hard_negative_v1,batch_04/b04-security_access-19.txt,164c8977c713e12a299ba0875afd94a3ebc4d2f5ac3579873a31bd5212d2e3e1
"subject: security training reminder good morning, device console recorded this routine update: the annual data-protection course remains available until the end of the month. open the learning catalog from the intranet and continue the assigned module. for assistance, open a request from the internal service catalog and quote this notification's subject. it service desk — northwind research",0,synthetic_legitimate_hard_negative_v1,batch_04/b04-security_access-20.txt,123df9036cecbf1f4d0abb1356ff59b342dc5bae48ac97f3a788f8bfcc23a9e6
"oggetto: certificati formazione allegati buongiorno, in allegato trovi i certificati pdf richiesti per completare il fascicolo del personale. il servizio coinvolto è ufficio formazione. archiviali nella cartella del progetto; non contengono macro né moduli di accesso. non comunicare password o codici via email; per dubbi usa i contatti pubblicati nella intranet. grazie, amministrazione — cooperativa orione",0,synthetic_legitimate_hard_negative_v1,batch_05/b05-attachments-01.txt,7b7838b3cccd40adf400efca94b1857f2ba49485e866abc83ea018dc2f51bcde
"oggetto: copia documento contabile ciao, questa è una comunicazione informativa relativa a ufficio formazione. è allegata la copia della fattura già registrata e approvata nel gestionale. confronta il numero del documento con l'ordine presente nel portale acquisti. se hai già completato l'operazione puoi ignorare il promemoria. cordiali saluti, customer care — banca esempio",0,synthetic_legitimate_hard_negative_v1,batch_05/b05-attachments-02.txt,a8a3d596b919269478315f1fbb580c45941190639e69a476cf31af577f1c76a3
"oggetto: verbale riunione disponibile gentile collega, per ufficio formazione: il verbale in formato docx riassume decisioni, responsabili e prossime scadenze. indicazione operativa: salvalo nello spazio condiviso del gruppo dopo la normale revisione. accedi sempre dal preferito aziendale o dall'app ufficiale, senza usare link ricevuti da mittenti sconosciuti. service desk — aurora manufacturing",0,synthetic_legitimate_hard_negative_v1,batch_05/b05-attachments-03.txt,9edfea2910398b9d079113fbc3fcf525fd9bb4dd84d26955749dba53927fb5b3
"oggetto: certificati formazione allegati salve, per amministrazione fornitori registriamo il seguente aggiornamento: in allegato trovi i certificati pdf richiesti per completare il fascicolo del personale. archiviali nella cartella del progetto; non contengono macro né moduli di accesso. per assistenza apri una richiesta dal catalogo servizi interno indicando l'oggetto di questa comunicazione. a disposizione, sistemi informativi — università delta",0,synthetic_legitimate_hard_negative_v1,batch_05/b05-attachments-04.txt,8002fa78a6dda44655d57cb4ae4cc33dda37c9cb22919efb63d73c0980ba2cfe
"oggetto: copia documento contabile buongiorno, è allegata la copia della fattura già registrata e approvata nel gestionale. il servizio coinvolto è amministrazione fornitori. confronta il numero del documento con l'ordine presente nel portale acquisti. non comunicare password o codici via email; per dubbi usa i contatti pubblicati nella intranet. grazie, amministrazione — cooperativa orione",0,synthetic_legitimate_hard_negative_v1,batch_05/b05-attachments-05.txt,1d5d70ae330b6e1a16b510505c6ca1bb8145f1226449c6e1d1f9ceca879bd0c2
"oggetto: verbale riunione disponibile ciao, questa è una comunicazione informativa relativa a amministrazione fornitori. il verbale in formato docx riassume decisioni, responsabili e prossime scadenze. salvalo nello spazio condiviso del gruppo dopo la normale revisione. se hai già completato l'operazione puoi ignorare il promemoria. cordiali saluti, customer care — banca esempio",0,synthetic_legitimate_hard_negative_v1,batch_05/b05-attachments-06.txt,ea3628ac52e9825bcecc3ff4bc10cc846e4e6267be5999835d3744c3489574cf
"oggetto: certificati formazione allegati gentile collega, per segreteria progetti: in allegato trovi i certificati pdf richiesti per completare il fascicolo del personale. indicazione operativa: archiviali nella cartella del progetto; non contengono macro né moduli di accesso. accedi sempre dal preferito aziendale o dall'app ufficiale, senza usare link ricevuti da mittenti sconosciuti. service desk — aurora manufacturing",0,synthetic_legitimate_hard_negative_v1,batch_05/b05-attachments-07.txt,02c000500c8b91f50afd8f98358e3015e57810783e40e2104f58e82cd7a2a1b4
"oggetto: copia documento contabile salve, per segreteria progetti registriamo il seguente aggiornamento: è allegata la copia della fattura già registrata e approvata nel gestionale. confronta il numero del documento con l'ordine presente nel portale acquisti. per assistenza apri una richiesta dal catalogo servizi interno indicando l'oggetto di questa comunicazione. a disposizione, sistemi informativi — università delta",0,synthetic_legitimate_hard_negative_v1,batch_05/b05-attachments-08.txt,44536e348f5e17abbf2b0fceb1388d74642fb1b4ed211f873a9f7ee7f492f848
"oggetto: verbale riunione disponibile buongiorno, il verbale in formato docx riassume decisioni, responsabili e prossime scadenze. il servizio coinvolto è segreteria progetti. salvalo nello spazio condiviso del gruppo dopo la normale revisione. non comunicare password o codici via email; per dubbi usa i contatti pubblicati nella intranet. grazie, amministrazione — cooperativa orione",0,synthetic_legitimate_hard_negative_v1,batch_05/b05-attachments-09.txt,b76b9a3b46543f937f1ada97fa8cac3f0455d160c71ab02250210a1cd776e9b7
"oggetto: certificati formazione allegati ciao, questa è una comunicazione informativa relativa a qualità e compliance. in allegato trovi i certificati pdf richiesti per completare il fascicolo del personale. archiviali nella cartella del progetto; non contengono macro né moduli di accesso. se hai già completato l'operazione puoi ignorare il promemoria. cordiali saluti, customer care — banca esempio",0,synthetic_legitimate_hard_negative_v1,batch_05/b05-attachments-10.txt,f5ec85d53630324703913da758d6d0538b7ae828925a4ab6ca0c9ebccb476ae1
"oggetto: copia documento contabile gentile collega, per qualità e compliance: è allegata la copia della fattura già registrata e approvata nel gestionale. indicazione operativa: confronta il numero del documento con l'ordine presente nel portale acquisti. accedi sempre dal preferito aziendale o dall'app ufficiale, senza usare link ricevuti da mittenti sconosciuti. service desk — aurora manufacturing",0,synthetic_legitimate_hard_negative_v1,batch_05/b05-attachments-11.txt,a85babc41808bd78098201123ea2b7ed9c867f3226f8697156f84f850061f897
"oggetto: verbale riunione disponibile salve, per qualità e compliance registriamo il seguente aggiornamento: il verbale in formato docx riassume decisioni, responsabili e prossime scadenze. salvalo nello spazio condiviso del gruppo dopo la normale revisione. per assistenza apri una richiesta dal catalogo servizi interno indicando l'oggetto di questa comunicazione. a disposizione, sistemi informativi — università delta",0,synthetic_legitimate_hard_negative_v1,batch_05/b05-attachments-12.txt,2f0f2355792067055121712d4a7fb5aadd91f89e944d9cc4f104678771483f95
"subject: requested training certificates attached hello, the attached pdf files are the training certificates requested for the employee record. this notice concerns training office. store them in the approved project folder; they contain no macros or login forms. never send passwords or verification codes by email; use the support details in the company directory if you need help. regards, customer support — example financial",0,synthetic_legitimate_hard_negative_v1,batch_05/b05-attachments-13.txt,a88250cc987b113e3995fbcd3267dbc82ad68d03f5f187c55dbb5d67080c86f1
"subject: approved invoice copy attached hi, this is an informational message about training office. a copy of the invoice already approved in the procurement system is attached for reference. match its document number with the purchase order in the saved procurement portal. if you have already completed the task, no further action is required. best regards, people services — blue yonder group",0,synthetic_legitimate_hard_negative_v1,batch_05/b05-attachments-14.txt,05c4fa00864c71b7bf51136aff3d53f0a190626ee501e8fd2ca49df411fb84ee
"subject: requested training certificates attached dear colleague, for supplier administration: the attached pdf files are the training certificates requested for the employee record. recommended step: store them in the approved project folder; they contain no macros or login forms. open the service from your saved corporate portal or its official application, not from an unexpected message. it service desk — northwind research",0,synthetic_legitimate_hard_negative_v1,batch_05/b05-attachments-15.txt,40b930c6de812aeee004ef35c849f450591509c21713d778c5f1cb1a5791efc3
"subject: approved invoice copy attached good morning, supplier administration recorded this routine update: a copy of the invoice already approved in the procurement system is attached for reference. match its document number with the purchase order in the saved procurement portal. for assistance, open a request from the internal service catalog and quote this notification's subject. operations team — contoso europe",0,synthetic_legitimate_hard_negative_v1,batch_05/b05-attachments-16.txt,47a1d3a0ff88647f7cda6f1a63771e9644dd1354dc75ad3ff09d3b4e88cadc92
"subject: requested training certificates attached hello, the attached pdf files are the training certificates requested for the employee record. this notice concerns project office. store them in the approved project folder; they contain no macros or login forms. never send passwords or verification codes by email; use the support details in the company directory if you need help. regards, customer support — example financial",0,synthetic_legitimate_hard_negative_v1,batch_05/b05-attachments-17.txt,80e6e2ea8fd243c3c95ff577d738f2a5bbe27e882cf7a0864f93037e21a1e895
"subject: approved invoice copy attached hi, this is an informational message about project office. a copy of the invoice already approved in the procurement system is attached for reference. match its document number with the purchase order in the saved procurement portal. if you have already completed the task, no further action is required. best regards, people services — blue yonder group",0,synthetic_legitimate_hard_negative_v1,batch_05/b05-attachments-18.txt,0fe777a9f2d051900a9422b6be2569ae9e7b6b93cbbfa115bd7ca14d761ce30e
"subject: requested training certificates attached dear colleague, for quality and compliance: the attached pdf files are the training certificates requested for the employee record. recommended step: store them in the approved project folder; they contain no macros or login forms. open the service from your saved corporate portal or its official application, not from an unexpected message. it service desk — northwind research",0,synthetic_legitimate_hard_negative_v1,batch_05/b05-attachments-19.txt,79c99fac3778f873962e37354eb3340bf37d3f864ebdfcfa96f4aa5443f12761
"subject: approved invoice copy attached good morning, quality and compliance recorded this routine update: a copy of the invoice already approved in the procurement system is attached for reference. match its document number with the purchase order in the saved procurement portal. for assistance, open a request from the internal service catalog and quote this notification's subject. operations team — contoso europe",0,synthetic_legitimate_hard_negative_v1,batch_05/b05-attachments-20.txt,31b3afb08e5a1c39f7f46de477e6b0fd4b9e58bc2862d0e713d5710e5f6b94cc
"oggetto: il tuo contenuto è online buongiorno, la nuova pubblicazione è disponibile e le prime statistiche di ascolto sono state elaborate. il servizio coinvolto è studio artisti. apri la dashboard ufficiale per consultare pubblico, andamento e suggerimenti editoriali. non comunicare password o codici via email; per dubbi usa i contatti pubblicati nella intranet. grazie, customer care — banca esempio",0,synthetic_legitimate_hard_negative_v1,batch_06/b06-newsletter-01.txt,cee779fdbd40af777032e530d3c2cce9f4c235f15a5f0e2904312fed87a469eb
"oggetto: novità del profilo ciao, questa è una comunicazione informativa relativa a studio artisti. sono disponibili nuovi strumenti per aggiornare immagine, presentazione e contenuti in evidenza. gestisci il profilo dalla normale area creator oppure ignora questa newsletter. se hai già completato l'operazione puoi ignorare il promemoria. cordiali saluti, service desk — aurora manufacturing",0,synthetic_legitimate_hard_negative_v1,batch_06/b06-newsletter-02.txt,6b56160a0fb8657a81c65313113e64883bbf80415dab8da0aaec058eccec039f
"oggetto: invito al webinar mensile gentile collega, per studio artisti: il prossimo incontro presenta funzioni già incluse nel piano e casi d'uso dei clienti. indicazione operativa: iscriviti dal calendario eventi del sito ufficiale se l'argomento ti interessa. accedi sempre dal preferito aziendale o dall'app ufficiale, senza usare link ricevuti da mittenti sconosciuti. sistemi informativi — università delta",0,synthetic_legitimate_hard_negative_v1,batch_06/b06-newsletter-03.txt,e80ecbba10131a9bdfd4f55039f8063b47d41b8e1abd03d661c995f0ec20bbe6
"oggetto: il tuo contenuto è online salve, per community sviluppatori registriamo il seguente aggiornamento: la nuova pubblicazione è disponibile e le prime statistiche di ascolto sono state elaborate. apri la dashboard ufficiale per consultare pubblico, andamento e suggerimenti editoriali. per assistenza apri una richiesta dal catalogo servizi interno indicando l'oggetto di questa comunicazione. a disposizione, amministrazione — cooperativa orione",0,synthetic_legitimate_hard_negative_v1,batch_06/b06-newsletter-04.txt,a0a129a3ab886a93eb7b99d28e08242401f28029117f945eaaf723476f185006
"oggetto: novità del profilo buongiorno, sono disponibili nuovi strumenti per aggiornare immagine, presentazione e contenuti in evidenza. il servizio coinvolto è community sviluppatori. gestisci il profilo dalla normale area creator oppure ignora questa newsletter. non comunicare password o codici via email; per dubbi usa i contatti pubblicati nella intranet. grazie, customer care — banca esempio",0,synthetic_legitimate_hard_negative_v1,batch_06/b06-newsletter-05.txt,e6ca97645aa88224d3ee574cc8e53be8a1a3f4caa808cf3d7806683386718198
"oggetto: invito al webinar mensile ciao, questa è una comunicazione informativa relativa a community sviluppatori. il prossimo incontro presenta funzioni già incluse nel piano e casi d'uso dei clienti. iscriviti dal calendario eventi del sito ufficiale se l'argomento ti interessa. se hai già completato l'operazione puoi ignorare il promemoria. cordiali saluti, service desk — aurora manufacturing",0,synthetic_legitimate_hard_negative_v1,batch_06/b06-newsletter-06.txt,995664073e533e30bc1b9638062c9341fb3cf527de7df3a4bcaddb8487b4348f
"oggetto: il tuo contenuto è online gentile collega, per programma clienti: la nuova pubblicazione è disponibile e le prime statistiche di ascolto sono state elaborate. indicazione operativa: apri la dashboard ufficiale per consultare pubblico, andamento e suggerimenti editoriali. accedi sempre dal preferito aziendale o dall'app ufficiale, senza usare link ricevuti da mittenti sconosciuti. sistemi informativi — università delta",0,synthetic_legitimate_hard_negative_v1,batch_06/b06-newsletter-07.txt,97735c8c5a82bf3a93f166645768fb1db72a48d358feda53ea789469fc1fb326
"oggetto: novità del profilo salve, per programma clienti registriamo il seguente aggiornamento: sono disponibili nuovi strumenti per aggiornare immagine, presentazione e contenuti in evidenza. gestisci il profilo dalla normale area creator oppure ignora questa newsletter. per assistenza apri una richiesta dal catalogo servizi interno indicando l'oggetto di questa comunicazione. a disposizione, amministrazione — cooperativa orione",0,synthetic_legitimate_hard_negative_v1,batch_06/b06-newsletter-08.txt,3e630b2e49aaa6403fc4941164fb84aa6296e7a8b5cf796cc480771da2fdad0d
"oggetto: invito al webinar mensile buongiorno, il prossimo incontro presenta funzioni già incluse nel piano e casi d'uso dei clienti. il servizio coinvolto è programma clienti. iscriviti dal calendario eventi del sito ufficiale se l'argomento ti interessa. non comunicare password o codici via email; per dubbi usa i contatti pubblicati nella intranet. grazie, customer care — banca esempio",0,synthetic_legitimate_hard_negative_v1,batch_06/b06-newsletter-09.txt,ec757f6700b1f418ea8b460c6f150b09342950d8b8a4b88cdd8e4fbdb2f9b147
"oggetto: il tuo contenuto è online ciao, questa è una comunicazione informativa relativa a osservatorio innovazione. la nuova pubblicazione è disponibile e le prime statistiche di ascolto sono state elaborate. apri la dashboard ufficiale per consultare pubblico, andamento e suggerimenti editoriali. se hai già completato l'operazione puoi ignorare il promemoria. cordiali saluti, service desk — aurora manufacturing",0,synthetic_legitimate_hard_negative_v1,batch_06/b06-newsletter-10.txt,0fee3c6712ab6b7a4c506d1f015a884e37333afcee1f20e3e076f2048621d153
"oggetto: novità del profilo gentile collega, per osservatorio innovazione: sono disponibili nuovi strumenti per aggiornare immagine, presentazione e contenuti in evidenza. indicazione operativa: gestisci il profilo dalla normale area creator oppure ignora questa newsletter. accedi sempre dal preferito aziendale o dall'app ufficiale, senza usare link ricevuti da mittenti sconosciuti. sistemi informativi — università delta",0,synthetic_legitimate_hard_negative_v1,batch_06/b06-newsletter-11.txt,ae1b5aa2ca579dc8f161c0d79ff9a38b3c0f4707dfe4a3b77a8be097967422ca
"oggetto: invito al webinar mensile salve, per osservatorio innovazione registriamo il seguente aggiornamento: il prossimo incontro presenta funzioni già incluse nel piano e casi d'uso dei clienti. iscriviti dal calendario eventi del sito ufficiale se l'argomento ti interessa. per assistenza apri una richiesta dal catalogo servizi interno indicando l'oggetto di questa comunicazione. a disposizione, amministrazione — cooperativa orione",0,synthetic_legitimate_hard_negative_v1,batch_06/b06-newsletter-12.txt,b765fc5855699fec250e3926936ffea4fc1642b9485dc65cfb9a2f342dfe5934
"subject: your new release is live hello, the new publication is available and its first audience statistics have been processed. this notice concerns artist studio. open the official creator dashboard to review performance and editorial suggestions. never send passwords or verification codes by email; use the support details in the company directory if you need help. regards, people services — blue yonder group",0,synthetic_legitimate_hard_negative_v1,batch_06/b06-newsletter-13.txt,945eb45ba2d4f63346498b40fe90664021112e6b4eafb0df0ea374e7e0db8cd1
"subject: monthly product newsletter hi, this is an informational message about artist studio. this opt-in update summarizes new profile tools, release notes, and community events. read it in the normal customer portal or ignore the newsletter if it is not relevant. if you have already completed the task, no further action is required. best regards, it service desk — northwind research",0,synthetic_legitimate_hard_negative_v1,batch_06/b06-newsletter-14.txt,8e1ecf9733535435f34b2c48b51f7add152cc9b9373cbfc595db25abc28febfd
"subject: your new release is live dear colleague, for developer community: the new publication is available and its first audience statistics have been processed. recommended step: open the official creator dashboard to review performance and editorial suggestions. open the service from your saved corporate portal or its official application, not from an unexpected message. operations team — contoso europe",0,synthetic_legitimate_hard_negative_v1,batch_06/b06-newsletter-15.txt,c1eed3da54cf30c046d269b071da03e26b746b71bb0c303b2f553f33837086c3
"subject: monthly product newsletter good morning, developer community recorded this routine update: this opt-in update summarizes new profile tools, release notes, and community events. read it in the normal customer portal or ignore the newsletter if it is not relevant. for assistance, open a request from the internal service catalog and quote this notification's subject. customer support — example financial",0,synthetic_legitimate_hard_negative_v1,batch_06/b06-newsletter-16.txt,aaf15fa2ce92a9b49d93d2c4281e69be1311d8a62b6f3302dd1c5b37280297b5
"subject: your new release is live hello, the new publication is available and its first audience statistics have been processed. this notice concerns customer program. open the official creator dashboard to review performance and editorial suggestions. never send passwords or verification codes by email; use the support details in the company directory if you need help. regards, people services — blue yonder group",0,synthetic_legitimate_hard_negative_v1,batch_06/b06-newsletter-17.txt,3105ab2af93ee34e3f245e189355fabf9b65f49f9bc16d64116addb54eb2eebe
"subject: monthly product newsletter hi, this is an informational message about customer program. this opt-in update summarizes new profile tools, release notes, and community events. read it in the normal customer portal or ignore the newsletter if it is not relevant. if you have already completed the task, no further action is required. best regards, it service desk — northwind research",0,synthetic_legitimate_hard_negative_v1,batch_06/b06-newsletter-18.txt,72d546741ac71d7eba272f6d8ab44a646b193a6844388a96614a57891d60167f
"subject: your new release is live dear colleague, for innovation network: the new publication is available and its first audience statistics have been processed. recommended step: open the official creator dashboard to review performance and editorial suggestions. open the service from your saved corporate portal or its official application, not from an unexpected message. operations team — contoso europe",0,synthetic_legitimate_hard_negative_v1,batch_06/b06-newsletter-19.txt,0760c175ba4bc525e0e6fc45f17e1aa7b98387d17a6bea23fea3f5d915d81dd4
"subject: monthly product newsletter good morning, innovation network recorded this routine update: this opt-in update summarizes new profile tools, release notes, and community events. read it in the normal customer portal or ignore the newsletter if it is not relevant. for assistance, open a request from the internal service catalog and quote this notification's subject. customer support — example financial",0,synthetic_legitimate_hard_negative_v1,batch_06/b06-newsletter-20.txt,9b12e0ea7ab9ea3ba954de5f1b32e49cc0e5a2e443b4a8bf4d6433784d3f4523
"oggetto: r: aggiornamento attività buongiorno, confermo quanto scritto nella conversazione precedente e allego il riepilogo delle attività completate. il servizio coinvolto è progetto vega. rispondi al gruppo interno se manca qualche informazione. non comunicare password o codici via email; per dubbi usa i contatti pubblicati nella intranet. grazie, service desk — aurora manufacturing",0,synthetic_legitimate_hard_negative_v1,batch_07/b07-forwarded_threads-01.txt,2046ccf3153d3c72a1e2cef2fc353ddb2e23a02565f31f9419a9284b20a977ff
"oggetto: i: richiesta del fornitore ciao, questa è una comunicazione informativa relativa a progetto vega. inoltro la richiesta ricevuta dal referente abituale per coordinare data e luogo della consegna. verifica disponibilità e comunica la fascia oraria nella stessa conversazione. se hai già completato l'operazione puoi ignorare il promemoria. cordiali saluti, sistemi informativi — università delta",0,synthetic_legitimate_hard_negative_v1,batch_07/b07-forwarded_threads-02.txt,45172b9a523f16781f849dcf71f72ee561f904a3faf96759856371a85f2028e1
"oggetto: r: conferma appuntamento gentile collega, per progetto vega: la riunione è confermata nell'orario concordato e l'invito di calendario è già aggiornato. indicazione operativa: usa il collegamento presente nell'app calendario al momento dell'incontro. accedi sempre dal preferito aziendale o dall'app ufficiale, senza usare link ricevuti da mittenti sconosciuti. amministrazione — cooperativa orione",0,synthetic_legitimate_hard_negative_v1,batch_07/b07-forwarded_threads-03.txt,8b1b203f3ed06f5fe8fab16061e0ea8db88eb1df1ddd9a41872c2eb524e30c2e
"oggetto: r: aggiornamento attività salve, per tirocinio sicurezza registriamo il seguente aggiornamento: confermo quanto scritto nella conversazione precedente e allego il riepilogo delle attività completate. rispondi al gruppo interno se manca qualche informazione. per assistenza apri una richiesta dal catalogo servizi interno indicando l'oggetto di questa comunicazione. a disposizione, customer care — banca esempio",0,synthetic_legitimate_hard_negative_v1,batch_07/b07-forwarded_threads-04.txt,e0e0a53c5847dffc4357659e9e01c11aab18d4f7634d883361c703a67b1c42a3
"oggetto: i: richiesta del fornitore buongiorno, inoltro la richiesta ricevuta dal referente abituale per coordinare data e luogo della consegna. il servizio coinvolto è tirocinio sicurezza. verifica disponibilità e comunica la fascia oraria nella stessa conversazione. non comunicare password o codici via email; per dubbi usa i contatti pubblicati nella intranet. grazie, service desk — aurora manufacturing",0,synthetic_legitimate_hard_negative_v1,batch_07/b07-forwarded_threads-05.txt,301c3546f6499131b6b2e0c69cf3b898927cd62375cb00fd7e345c7e05894816
"oggetto: r: conferma appuntamento ciao, questa è una comunicazione informativa relativa a tirocinio sicurezza. la riunione è confermata nell'orario concordato e l'invito di calendario è già aggiornato. usa il collegamento presente nell'app calendario al momento dell'incontro. se hai già completato l'operazione puoi ignorare il promemoria. cordiali saluti, sistemi informativi — università delta",0,synthetic_legitimate_hard_negative_v1,batch_07/b07-forwarded_threads-06.txt,8cd8e0f1e3eeabb2db7b6338fe7adecfcf7fefadea9911cef9cb6f08df96c6af
"oggetto: r: aggiornamento attività gentile collega, per ordine cliente europa: confermo quanto scritto nella conversazione precedente e allego il riepilogo delle attività completate. indicazione operativa: rispondi al gruppo interno se manca qualche informazione. accedi sempre dal preferito aziendale o dall'app ufficiale, senza usare link ricevuti da mittenti sconosciuti. amministrazione — cooperativa orione",0,synthetic_legitimate_hard_negative_v1,batch_07/b07-forwarded_threads-07.txt,3f96c876497ffc94add88173b2b0a8302c36082e22ec713f8b4bb20a04aa8ab2
"oggetto: i: richiesta del fornitore salve, per ordine cliente europa registriamo il seguente aggiornamento: inoltro la richiesta ricevuta dal referente abituale per coordinare data e luogo della consegna. verifica disponibilità e comunica la fascia oraria nella stessa conversazione. per assistenza apri una richiesta dal catalogo servizi interno indicando l'oggetto di questa comunicazione. a disposizione, customer care — banca esempio",0,synthetic_legitimate_hard_negative_v1,batch_07/b07-forwarded_threads-08.txt,140982c9c8e1bd263b6ce18433bde63d0db48b6dce79dfef830e84a0eb0c0839
"oggetto: r: conferma appuntamento buongiorno, la riunione è confermata nell'orario concordato e l'invito di calendario è già aggiornato. il servizio coinvolto è ordine cliente europa. usa il collegamento presente nell'app calendario al momento dell'incontro. non comunicare password o codici via email; per dubbi usa i contatti pubblicati nella intranet. grazie, service desk — aurora manufacturing",0,synthetic_legitimate_hard_negative_v1,batch_07/b07-forwarded_threads-09.txt,23aaafe0b74b1964d583a4f3875a9f589e0504e26c327266704b3c0adfa58748
"oggetto: r: aggiornamento attività ciao, questa è una comunicazione informativa relativa a calendario dipartimento. confermo quanto scritto nella conversazione precedente e allego il riepilogo delle attività completate. rispondi al gruppo interno se manca qualche informazione. se hai già completato l'operazione puoi ignorare il promemoria. cordiali saluti, sistemi informativi — università delta",0,synthetic_legitimate_hard_negative_v1,batch_07/b07-forwarded_threads-10.txt,2f93602693a5ffab04bb532233872fd339c08665f39bda38e208fcc255e1d704
"oggetto: i: richiesta del fornitore gentile collega, per calendario dipartimento: inoltro la richiesta ricevuta dal referente abituale per coordinare data e luogo della consegna. indicazione operativa: verifica disponibilità e comunica la fascia oraria nella stessa conversazione. accedi sempre dal preferito aziendale o dall'app ufficiale, senza usare link ricevuti da mittenti sconosciuti. amministrazione — cooperativa orione",0,synthetic_legitimate_hard_negative_v1,batch_07/b07-forwarded_threads-11.txt,05f897c08ee756c811973cd975dff448dcefe632b33cbb40bf20ecd79e7bd6ac
"oggetto: r: conferma appuntamento salve, per calendario dipartimento registriamo il seguente aggiornamento: la riunione è confermata nell'orario concordato e l'invito di calendario è già aggiornato. usa il collegamento presente nell'app calendario al momento dell'incontro. per assistenza apri una richiesta dal catalogo servizi interno indicando l'oggetto di questa comunicazione. a disposizione, customer care — banca esempio",0,synthetic_legitimate_hard_negative_v1,batch_07/b07-forwarded_threads-12.txt,07523044587ab5cce20a25d1a452102bbb014bb316ad41d7cf689f497b415ccf
"subject: re: project status update hello, i confirm the points in the previous conversation and attached the agreed activity summary. this notice concerns project vega. reply to the internal group if any project detail is missing. never send passwords or verification codes by email; use the support details in the company directory if you need help. regards, it service desk — northwind research",0,synthetic_legitimate_hard_negative_v1,batch_07/b07-forwarded_threads-13.txt,4968e08be4d2a4557ee2602d7301c9b12345f48cb75f81207c93597d5b0fb790
"subject: fw: supplier scheduling request hi, this is an informational message about project vega. i am forwarding the routine request from our known supplier to coordinate the delivery window. confirm availability in the existing conversation without changing payment details. if you have already completed the task, no further action is required. best regards, operations team — contoso europe",0,synthetic_legitimate_hard_negative_v1,batch_07/b07-forwarded_threads-14.txt,282fe2776d0ff0639d3fba6fa952d420cec2b8479901f1de61d00d68fd6c709e
"subject: re: project status update dear colleague, for security internship: i confirm the points in the previous conversation and attached the agreed activity summary. recommended step: reply to the internal group if any project detail is missing. open the service from your saved corporate portal or its official application, not from an unexpected message. customer support — example financial",0,synthetic_legitimate_hard_negative_v1,batch_07/b07-forwarded_threads-15.txt,c412b7ff3a75168f66665055f0607a5e23ba746791a372fd5c64cafc7503f3bb
"subject: fw: supplier scheduling request good morning, security internship recorded this routine update: i am forwarding the routine request from our known supplier to coordinate the delivery window. confirm availability in the existing conversation without changing payment details. for assistance, open a request from the internal service catalog and quote this notification's subject. people services — blue yonder group",0,synthetic_legitimate_hard_negative_v1,batch_07/b07-forwarded_threads-16.txt,2d80be29f988d9460a0585c178a31a7ee3557c3e0e36307dc0389b2b0270c45b
"subject: re: project status update hello, i confirm the points in the previous conversation and attached the agreed activity summary. this notice concerns european customer order. reply to the internal group if any project detail is missing. never send passwords or verification codes by email; use the support details in the company directory if you need help. regards, it service desk — northwind research",0,synthetic_legitimate_hard_negative_v1,batch_07/b07-forwarded_threads-17.txt,b4c469e4482c1ff58f04daa670bf6dcd109117ca0ed872e250f221571088cd3e
"subject: fw: supplier scheduling request hi, this is an informational message about european customer order. i am forwarding the routine request from our known supplier to coordinate the delivery window. confirm availability in the existing conversation without changing payment details. if you have already completed the task, no further action is required. best regards, operations team — contoso europe",0,synthetic_legitimate_hard_negative_v1,batch_07/b07-forwarded_threads-18.txt,08629f99f8fe3971314d92af308d76ef3ac5ce0721cecd9b683c478346f8f4bc
"subject: re: project status update dear colleague, for department calendar: i confirm the points in the previous conversation and attached the agreed activity summary. recommended step: reply to the internal group if any project detail is missing. open the service from your saved corporate portal or its official application, not from an unexpected message. customer support — example financial",0,synthetic_legitimate_hard_negative_v1,batch_07/b07-forwarded_threads-19.txt,1176242403a12254382bc8e60fd9f11e39ced7ad8fddfad850839b6f50661591
"subject: fw: supplier scheduling request good morning, department calendar recorded this routine update: i am forwarding the routine request from our known supplier to coordinate the delivery window. confirm availability in the existing conversation without changing payment details. for assistance, open a request from the internal service catalog and quote this notification's subject. people services — blue yonder group",0,synthetic_legitimate_hard_negative_v1,batch_07/b07-forwarded_threads-20.txt,67150faa3c55573ca5d306a9793844e00d6b782d9233488bfadfb884e04c95e1
"oggetto: sessione assistenza pianificata buongiorno, il ticket aperto ieri prevede una sessione remota con il tecnico assegnato. il servizio coinvolto è service desk stabilimento. avvia il client già installato all'orario concordato e verifica il nome del tecnico nel ticket. non comunicare password o codici via email; per dubbi usa i contatti pubblicati nella intranet. grazie, sistemi informativi — università delta",0,synthetic_legitimate_hard_negative_v1,batch_08/b08-remote_support-01.txt,4f6b86ba11e431b60044be3989c121a7d7e77284704b93e73c955a2ed1a6a83b
"oggetto: uso temporaneo teamviewer autorizzato ciao, questa è una comunicazione informativa relativa a service desk stabilimento. per il collaudo approvato è consentito usare teamviewer sulla postazione di test. condividi l'identificativo solo nella chiamata aziendale già programmata, mai via email. se hai già completato l'operazione puoi ignorare il promemoria. cordiali saluti, amministrazione — cooperativa orione",0,synthetic_legitimate_hard_negative_v1,batch_08/b08-remote_support-02.txt,a6e941f10f64bfa475ae481a51072fc3bc4c8f3d3559119f1b44bd7646d96e0e
"oggetto: accesso vnc di manutenzione gentile collega, per service desk stabilimento: la finestra di manutenzione include un collegamento vnc dalla rete tecnica interna. indicazione operativa: non aprire porte internet; la connessione deve partire dal gateway gestito. accedi sempre dal preferito aziendale o dall'app ufficiale, senza usare link ricevuti da mittenti sconosciuti. customer care — banca esempio",0,synthetic_legitimate_hard_negative_v1,batch_08/b08-remote_support-03.txt,18737df8bc98addf83aa1094996767eed7d16a3241a74bf397f962788dfec599
"oggetto: sessione assistenza pianificata salve, per supporto applicativo registriamo il seguente aggiornamento: il ticket aperto ieri prevede una sessione remota con il tecnico assegnato. avvia il client già installato all'orario concordato e verifica il nome del tecnico nel ticket. per assistenza apri una richiesta dal catalogo servizi interno indicando l'oggetto di questa comunicazione. a disposizione, service desk — aurora manufacturing",0,synthetic_legitimate_hard_negative_v1,batch_08/b08-remote_support-04.txt,266e172787c02a492f7b0953d5035d5072de339ea9f305c842ec60e637d52816
"oggetto: uso temporaneo teamviewer autorizzato buongiorno, per il collaudo approvato è consentito usare teamviewer sulla postazione di test. il servizio coinvolto è supporto applicativo. condividi l'identificativo solo nella chiamata aziendale già programmata, mai via email. non comunicare password o codici via email; per dubbi usa i contatti pubblicati nella intranet. grazie, sistemi informativi — università delta",0,synthetic_legitimate_hard_negative_v1,batch_08/b08-remote_support-05.txt,83e9ff5c733216ee1c9695b46f76779bc92729ccb0bd89b772cfc8384262ad91
"oggetto: accesso vnc di manutenzione ciao, questa è una comunicazione informativa relativa a supporto applicativo. la finestra di manutenzione include un collegamento vnc dalla rete tecnica interna. non aprire porte internet; la connessione deve partire dal gateway gestito. se hai già completato l'operazione puoi ignorare il promemoria. cordiali saluti, amministrazione — cooperativa orione",0,synthetic_legitimate_hard_negative_v1,batch_08/b08-remote_support-06.txt,41b3ef55dc983144faeaa4afdfcd2fe630894a09be6f90b922b35ad89e7d39fa
"oggetto: sessione assistenza pianificata gentile collega, per team infrastrutture: il ticket aperto ieri prevede una sessione remota con il tecnico assegnato. indicazione operativa: avvia il client già installato all'orario concordato e verifica il nome del tecnico nel ticket. accedi sempre dal preferito aziendale o dall'app ufficiale, senza usare link ricevuti da mittenti sconosciuti. customer care — banca esempio",0,synthetic_legitimate_hard_negative_v1,batch_08/b08-remote_support-07.txt,b6f98f72679dd63b7aae58e593ced720ba328b9aee4f4e59641a9efc7120cf91
"oggetto: uso temporaneo teamviewer autorizzato salve, per team infrastrutture registriamo il seguente aggiornamento: per il collaudo approvato è consentito usare teamviewer sulla postazione di test. condividi l'identificativo solo nella chiamata aziendale già programmata, mai via email. per assistenza apri una richiesta dal catalogo servizi interno indicando l'oggetto di questa comunicazione. a disposizione, service desk — aurora manufacturing",0,synthetic_legitimate_hard_negative_v1,batch_08/b08-remote_support-08.txt,0c87b9f8a519f130e5ccb3fcf4c420f66d6c9859e2f7de7efc2c8e2d5bf47a25
"oggetto: accesso vnc di manutenzione buongiorno, la finestra di manutenzione include un collegamento vnc dalla rete tecnica interna. il servizio coinvolto è team infrastrutture. non aprire porte internet; la connessione deve partire dal gateway gestito. non comunicare password o codici via email; per dubbi usa i contatti pubblicati nella intranet. grazie, sistemi informativi — università delta",0,synthetic_legitimate_hard_negative_v1,batch_08/b08-remote_support-09.txt,5f368f4a66fa378202c78df1f4d882779d9b1107c3cabd165a30da5dee1fab2b
"oggetto: sessione assistenza pianificata ciao, questa è una comunicazione informativa relativa a assistenza macchine. il ticket aperto ieri prevede una sessione remota con il tecnico assegnato. avvia il client già installato all'orario concordato e verifica il nome del tecnico nel ticket. se hai già completato l'operazione puoi ignorare il promemoria. cordiali saluti, amministrazione — cooperativa orione",0,synthetic_legitimate_hard_negative_v1,batch_08/b08-remote_support-10.txt,439db9a33aab5ce5840c44ace27bc5141663d4f64bb45bd03b7dd6ca37fcc7c1
"oggetto: uso temporaneo teamviewer autorizzato gentile collega, per assistenza macchine: per il collaudo approvato è consentito usare teamviewer sulla postazione di test. indicazione operativa: condividi l'identificativo solo nella chiamata aziendale già programmata, mai via email. accedi sempre dal preferito aziendale o dall'app ufficiale, senza usare link ricevuti da mittenti sconosciuti. customer care — banca esempio",0,synthetic_legitimate_hard_negative_v1,batch_08/b08-remote_support-11.txt,56b60e068fd35398c8b5252fee8abc3a2ccc6cdbbccc91bd4dfd18d873b848af
"oggetto: accesso vnc di manutenzione salve, per assistenza macchine registriamo il seguente aggiornamento: la finestra di manutenzione include un collegamento vnc dalla rete tecnica interna. non aprire porte internet; la connessione deve partire dal gateway gestito. per assistenza apri una richiesta dal catalogo servizi interno indicando l'oggetto di questa comunicazione. a disposizione, service desk — aurora manufacturing",0,synthetic_legitimate_hard_negative_v1,batch_08/b08-remote_support-12.txt,a67e414245c44d02230c947d45f5b5b865173cf6eda1e9adb297b33716574db4
"subject: scheduled remote support session hello, yesterday's support ticket includes a remote session with the assigned engineer. this notice concerns plant service desk. start the managed client at the agreed time and verify the engineer name in the ticket. never send passwords or verification codes by email; use the support details in the company directory if you need help. regards, operations team — contoso europe",0,synthetic_legitimate_hard_negative_v1,batch_08/b08-remote_support-13.txt,fd3a84b27a2b9ff90cdc37b0f1301121c4da7420ca917bd6b1d93f380dbb85a5
"subject: temporary teamviewer use approved hi, this is an informational message about plant service desk. teamviewer is approved for the documented test on the lab workstation. share the session identifier only during the scheduled company call, never by email. if you have already completed the task, no further action is required. best regards, customer support — example financial",0,synthetic_legitimate_hard_negative_v1,batch_08/b08-remote_support-14.txt,a3e08b998459432507c7196fecfe56cccd0afa054f0a01fd300082f7988e3dee
"subject: scheduled remote support session dear colleague, for application support: yesterday's support ticket includes a remote session with the assigned engineer. recommended step: start the managed client at the agreed time and verify the engineer name in the ticket. open the service from your saved corporate portal or its official application, not from an unexpected message. people services — blue yonder group",0,synthetic_legitimate_hard_negative_v1,batch_08/b08-remote_support-15.txt,17634c3806d6dcb7c86f18549fc38aea8f3e39b52b15b9f6467ae64817d30acc
"subject: temporary teamviewer use approved good morning, application support recorded this routine update: teamviewer is approved for the documented test on the lab workstation. share the session identifier only during the scheduled company call, never by email. for assistance, open a request from the internal service catalog and quote this notification's subject. it service desk — northwind research",0,synthetic_legitimate_hard_negative_v1,batch_08/b08-remote_support-16.txt,0d7fa08b848e11512a34d45cd5f8257e9123c0f395f0f1c9682306071f54bc32
"subject: scheduled remote support session hello, yesterday's support ticket includes a remote session with the assigned engineer. this notice concerns infrastructure team. start the managed client at the agreed time and verify the engineer name in the ticket. never send passwords or verification codes by email; use the support details in the company directory if you need help. regards, operations team — contoso europe",0,synthetic_legitimate_hard_negative_v1,batch_08/b08-remote_support-17.txt,ec1d6935b66340f308af6bcdbfa1e5d0574fce4466ca8af54e37302b7be29f29
"subject: temporary teamviewer use approved hi, this is an informational message about infrastructure team. teamviewer is approved for the documented test on the lab workstation. share the session identifier only during the scheduled company call, never by email. if you have already completed the task, no further action is required. best regards, customer support — example financial",0,synthetic_legitimate_hard_negative_v1,batch_08/b08-remote_support-18.txt,06438b0c945caccee94616cc615496b1bcb2c4666c80eff427359e3368ecfed3
"subject: scheduled remote support session dear colleague, for equipment support: yesterday's support ticket includes a remote session with the assigned engineer. recommended step: start the managed client at the agreed time and verify the engineer name in the ticket. open the service from your saved corporate portal or its official application, not from an unexpected message. people services — blue yonder group",0,synthetic_legitimate_hard_negative_v1,batch_08/b08-remote_support-19.txt,d7c94693a5411b92780c593b8c9c644a7562a5fa26ba707b9056365bafe56117
"subject: temporary teamviewer use approved good morning, equipment support recorded this routine update: teamviewer is approved for the documented test on the lab workstation. share the session identifier only during the scheduled company call, never by email. for assistance, open a request from the internal service catalog and quote this notification's subject. it service desk — northwind research",0,synthetic_legitimate_hard_negative_v1,batch_08/b08-remote_support-20.txt,75a555c7d8172ecf29399db097455fd674a551641ca3de12c41e3a17c4fbabad
"oggetto: documento condiviso con il team buongiorno, il responsabile ha aggiunto il gruppo di progetto al documento già presente nello spazio aziendale. il servizio coinvolto è onedrive progetti. aprilo dalla sezione condivisi con me del portale abituale. non comunicare password o codici via email; per dubbi usa i contatti pubblicati nella intranet. grazie, amministrazione — cooperativa orione",0,synthetic_legitimate_hard_negative_v1,batch_09/b09-cloud_sharing-01.txt,0d633d4b8cf73e640c2e68e4e8f5a69e7691784302437325d1152f4001a2f939
"oggetto: cartella di reparto disponibile ciao, questa è una comunicazione informativa relativa a onedrive progetti. è stato concesso l'accesso in sola lettura alla cartella con procedure e modelli aggiornati. raggiungi la raccolta dalla home della intranet senza inoltrare l'invito. se hai già completato l'operazione puoi ignorare il promemoria. cordiali saluti, customer care — banca esempio",0,synthetic_legitimate_hard_negative_v1,batch_09/b09-cloud_sharing-02.txt,0e983d976c8858ada56ca68f2d7958d71775177a2361d77bad8de579f920ae6f
"oggetto: modulo feedback pubblicato gentile collega, per onedrive progetti: il questionario interno sul corso concluso ieri è disponibile per una settimana. indicazione operativa: compilalo dall'elenco moduli assegnati; non vengono richieste password nel questionario. accedi sempre dal preferito aziendale o dall'app ufficiale, senza usare link ricevuti da mittenti sconosciuti. service desk — aurora manufacturing",0,synthetic_legitimate_hard_negative_v1,batch_09/b09-cloud_sharing-03.txt,1ea19366e626f2c98c976838d1f57042650445b651d74cf071664ab8be3a119e
"oggetto: documento condiviso con il team salve, per google workspace aziendale registriamo il seguente aggiornamento: il responsabile ha aggiunto il gruppo di progetto al documento già presente nello spazio aziendale. aprilo dalla sezione condivisi con me del portale abituale. per assistenza apri una richiesta dal catalogo servizi interno indicando l'oggetto di questa comunicazione. a disposizione, sistemi informativi — università delta",0,synthetic_legitimate_hard_negative_v1,batch_09/b09-cloud_sharing-04.txt,575c696737fd99b715dfcc3d69e01955a63a5091fa545c4222824c95fec09db5
"oggetto: cartella di reparto disponibile buongiorno, è stato concesso l'accesso in sola lettura alla cartella con procedure e modelli aggiornati. il servizio coinvolto è google workspace aziendale. raggiungi la raccolta dalla home della intranet senza inoltrare l'invito. non comunicare password o codici via email; per dubbi usa i contatti pubblicati nella intranet. grazie, amministrazione — cooperativa orione",0,synthetic_legitimate_hard_negative_v1,batch_09/b09-cloud_sharing-05.txt,f216941d45c866b021fc29fda065432ef70bc8baeb543ae7225b4b546560776e
"oggetto: modulo feedback pubblicato ciao, questa è una comunicazione informativa relativa a google workspace aziendale. il questionario interno sul corso concluso ieri è disponibile per una settimana. compilalo dall'elenco moduli assegnati; non vengono richieste password nel questionario. se hai già completato l'operazione puoi ignorare il promemoria. cordiali saluti, customer care — banca esempio",0,synthetic_legitimate_hard_negative_v1,batch_09/b09-cloud_sharing-06.txt,929ec8d19619337c80900baf8bd08adcd076844c8ca21f062e961d409d70a950
"oggetto: documento condiviso con il team gentile collega, per sharepoint qualità: il responsabile ha aggiunto il gruppo di progetto al documento già presente nello spazio aziendale. indicazione operativa: aprilo dalla sezione condivisi con me del portale abituale. accedi sempre dal preferito aziendale o dall'app ufficiale, senza usare link ricevuti da mittenti sconosciuti. service desk — aurora manufacturing",0,synthetic_legitimate_hard_negative_v1,batch_09/b09-cloud_sharing-07.txt,14d3dae33defc9ae2c256aaf710bd6ad10576133903fb206238dfe2325dcbebf
"oggetto: cartella di reparto disponibile salve, per sharepoint qualità registriamo il seguente aggiornamento: è stato concesso l'accesso in sola lettura alla cartella con procedure e modelli aggiornati. raggiungi la raccolta dalla home della intranet senza inoltrare l'invito. per assistenza apri una richiesta dal catalogo servizi interno indicando l'oggetto di questa comunicazione. a disposizione, sistemi informativi — università delta",0,synthetic_legitimate_hard_negative_v1,batch_09/b09-cloud_sharing-08.txt,5c06129ecde06464a84d13a1537863c46e9bec07b3452fcee1f3584ab5e46612
"oggetto: modulo feedback pubblicato buongiorno, il questionario interno sul corso concluso ieri è disponibile per una settimana. il servizio coinvolto è sharepoint qualità. compilalo dall'elenco moduli assegnati; non vengono richieste password nel questionario. non comunicare password o codici via email; per dubbi usa i contatti pubblicati nella intranet. grazie, amministrazione — cooperativa orione",0,synthetic_legitimate_hard_negative_v1,batch_09/b09-cloud_sharing-09.txt,de8005449114b2d4cb683a87cc61bb6aee9d72341dbcd5b0739268cf3e36924b
"oggetto: documento condiviso con il team ciao, questa è una comunicazione informativa relativa a portale moduli. il responsabile ha aggiunto il gruppo di progetto al documento già presente nello spazio aziendale. aprilo dalla sezione condivisi con me del portale abituale. se hai già completato l'operazione puoi ignorare il promemoria. cordiali saluti, customer care — banca esempio",0,synthetic_legitimate_hard_negative_v1,batch_09/b09-cloud_sharing-10.txt,9cf21216f9ee806417edda5b626369586858001f2ab8dc53fb7c713d7064df35
"oggetto: cartella di reparto disponibile gentile collega, per portale moduli: è stato concesso l'accesso in sola lettura alla cartella con procedure e modelli aggiornati. indicazione operativa: raggiungi la raccolta dalla home della intranet senza inoltrare l'invito. accedi sempre dal preferito aziendale o dall'app ufficiale, senza usare link ricevuti da mittenti sconosciuti. service desk — aurora manufacturing",0,synthetic_legitimate_hard_negative_v1,batch_09/b09-cloud_sharing-11.txt,8cd31abdd8f4ca5f7dd267c8e363b71970466a44bb5483a3421a133f318d8f7d
"oggetto: modulo feedback pubblicato salve, per portale moduli registriamo il seguente aggiornamento: il questionario interno sul corso concluso ieri è disponibile per una settimana. compilalo dall'elenco moduli assegnati; non vengono richieste password nel questionario. per assistenza apri una richiesta dal catalogo servizi interno indicando l'oggetto di questa comunicazione. a disposizione, sistemi informativi — università delta",0,synthetic_legitimate_hard_negative_v1,batch_09/b09-cloud_sharing-12.txt,6fd530d4a49fc97f673ff39dbb01fe46b13acf6ebe598cb938a59a8cab777d54
"subject: team document shared hello, the project owner added your work group to an existing document in the corporate tenant. this notice concerns project onedrive. open it from shared with me in your usual workspace. never send passwords or verification codes by email; use the support details in the company directory if you need help. regards, customer support — example financial",0,synthetic_legitimate_hard_negative_v1,batch_09/b09-cloud_sharing-13.txt,7f11f26fff04c96197e94b5dee94e067aacc82051bb860182ce1723ff3143842
"subject: internal feedback form available hi, this is an informational message about project onedrive. the feedback form for yesterday's training session is open for one week. use the assigned forms list; the questionnaire does not request passwords. if you have already completed the task, no further action is required. best regards, people services — blue yonder group",0,synthetic_legitimate_hard_negative_v1,batch_09/b09-cloud_sharing-14.txt,7519e5214b666657b4eb1529698e50f44bda3123fd24884178e180bef6741fdf
"subject: team document shared dear colleague, for corporate google workspace: the project owner added your work group to an existing document in the corporate tenant. recommended step: open it from shared with me in your usual workspace. open the service from your saved corporate portal or its official application, not from an unexpected message. it service desk — northwind research",0,synthetic_legitimate_hard_negative_v1,batch_09/b09-cloud_sharing-15.txt,09c65046d3f0b8a5254887915e3969de3b7ed0e24faba35a8c9c498cafb09365
"subject: internal feedback form available good morning, corporate google workspace recorded this routine update: the feedback form for yesterday's training session is open for one week. use the assigned forms list; the questionnaire does not request passwords. for assistance, open a request from the internal service catalog and quote this notification's subject. operations team — contoso europe",0,synthetic_legitimate_hard_negative_v1,batch_09/b09-cloud_sharing-16.txt,be9b11d86a56c0309b44aec3f5b7eff75effa7009b10dea0a55973b761dfd18a
"subject: team document shared hello, the project owner added your work group to an existing document in the corporate tenant. this notice concerns quality sharepoint. open it from shared with me in your usual workspace. never send passwords or verification codes by email; use the support details in the company directory if you need help. regards, customer support — example financial",0,synthetic_legitimate_hard_negative_v1,batch_09/b09-cloud_sharing-17.txt,e1de04b59965f94288c56eb264702f3a556f15e278799b128266fc073d8ce6f2
"subject: internal feedback form available hi, this is an informational message about quality sharepoint. the feedback form for yesterday's training session is open for one week. use the assigned forms list; the questionnaire does not request passwords. if you have already completed the task, no further action is required. best regards, people services — blue yonder group",0,synthetic_legitimate_hard_negative_v1,batch_09/b09-cloud_sharing-18.txt,630bcb7b02e18d76470931e9894dcd389bbc2794a9b353dedd80487854c9eadd
"subject: team document shared dear colleague, for forms portal: the project owner added your work group to an existing document in the corporate tenant. recommended step: open it from shared with me in your usual workspace. open the service from your saved corporate portal or its official application, not from an unexpected message. it service desk — northwind research",0,synthetic_legitimate_hard_negative_v1,batch_09/b09-cloud_sharing-19.txt,72fe960f37023b61a02ef65e6702db97197ff458344e6f1ffc024945576b196d
"subject: internal feedback form available good morning, forms portal recorded this routine update: the feedback form for yesterday's training session is open for one week. use the assigned forms list; the questionnaire does not request passwords. for assistance, open a request from the internal service catalog and quote this notification's subject. operations team — contoso europe",0,synthetic_legitimate_hard_negative_v1,batch_09/b09-cloud_sharing-20.txt,be8515d12178f2f443bb2289121a35c40cd62a36cf7dd43efab7bc2d669fe1b8
"oggetto: rimborso pronto per la verifica buongiorno, la nota spese è stata elaborata e attende il normale controllo del centro di costo. il servizio coinvolto è portale trasferte. apri la pratica dal portale trasferte e confronta ricevute e importi già inseriti. non comunicare password o codici via email; per dubbi usa i contatti pubblicati nella intranet. grazie, customer care — banca esempio",0,synthetic_legitimate_hard_negative_v1,batch_10/b10-mixed_operations-01.txt,6e638769eb507c60c6a98ab5c128d94769403ef51b666cc272a9589450a03d51
"oggetto: ritiro ordine confermato ciao, questa è una comunicazione informativa relativa a portale trasferte. il corriere abituale ha confermato il ritiro presso il magazzino nella fascia concordata. controlla il numero d'ordine nel gestionale; non sono richiesti nuovi pagamenti. se hai già completato l'operazione puoi ignorare il promemoria. cordiali saluti, service desk — aurora manufacturing",0,synthetic_legitimate_hard_negative_v1,batch_10/b10-mixed_operations-02.txt,3f15dddb1eaa6d5cfc13214d6a2fdee7a2b8b55f9329a1e1eda78ef5092df445
"oggetto: invito account collaboratore gentile collega, per portale trasferte: l'account temporaneo per il consulente approvato è pronto per l'attivazione amministrativa. indicazione operativa: il referente deve completare la procedura dalla console interna entro la data indicata. accedi sempre dal preferito aziendale o dall'app ufficiale, senza usare link ricevuti da mittenti sconosciuti. sistemi informativi — università delta",0,synthetic_legitimate_hard_negative_v1,batch_10/b10-mixed_operations-03.txt,2cc1797ccf7dc7206971579557dbb52770d24ef9927a7755ac9f44752f090a06
"oggetto: rimborso pronto per la verifica salve, per magazzino centrale registriamo il seguente aggiornamento: la nota spese è stata elaborata e attende il normale controllo del centro di costo. apri la pratica dal portale trasferte e confronta ricevute e importi già inseriti. per assistenza apri una richiesta dal catalogo servizi interno indicando l'oggetto di questa comunicazione. a disposizione, amministrazione — cooperativa orione",0,synthetic_legitimate_hard_negative_v1,batch_10/b10-mixed_operations-04.txt,97098d0aba43264c4c1747a7ff5ab92bae7eeec111b848dc2ab2d66d605017c4
"oggetto: ritiro ordine confermato buongiorno, il corriere abituale ha confermato il ritiro presso il magazzino nella fascia concordata. il servizio coinvolto è magazzino centrale. controlla il numero d'ordine nel gestionale; non sono richiesti nuovi pagamenti. non comunicare password o codici via email; per dubbi usa i contatti pubblicati nella intranet. grazie, customer care — banca esempio",0,synthetic_legitimate_hard_negative_v1,batch_10/b10-mixed_operations-05.txt,db01b88b1715f3faf4ab58aa5ca9dbc85f95eb9b05d864f3018adb602c716e1d
"oggetto: invito account collaboratore ciao, questa è una comunicazione informativa relativa a magazzino centrale. l'account temporaneo per il consulente approvato è pronto per l'attivazione amministrativa. il referente deve completare la procedura dalla console interna entro la data indicata. se hai già completato l'operazione puoi ignorare il promemoria. cordiali saluti, service desk — aurora manufacturing",0,synthetic_legitimate_hard_negative_v1,batch_10/b10-mixed_operations-06.txt,024e58df0088e7fdf8fb6a87f1db7b7da278f2cc8e162417ebe24b981df76d37
"oggetto: rimborso pronto per la verifica gentile collega, per people services: la nota spese è stata elaborata e attende il normale controllo del centro di costo. indicazione operativa: apri la pratica dal portale trasferte e confronta ricevute e importi già inseriti. accedi sempre dal preferito aziendale o dall'app ufficiale, senza usare link ricevuti da mittenti sconosciuti. sistemi informativi — università delta",0,synthetic_legitimate_hard_negative_v1,batch_10/b10-mixed_operations-07.txt,46ab47c2bc38eb673208f5f78ac6a0dbdb1fce8a58ece00966a9c9e1a02d35e1
"oggetto: ritiro ordine confermato salve, per people services registriamo il seguente aggiornamento: il corriere abituale ha confermato il ritiro presso il magazzino nella fascia concordata. controlla il numero d'ordine nel gestionale; non sono richiesti nuovi pagamenti. per assistenza apri una richiesta dal catalogo servizi interno indicando l'oggetto di questa comunicazione. a disposizione, amministrazione — cooperativa orione",0,synthetic_legitimate_hard_negative_v1,batch_10/b10-mixed_operations-08.txt,4927e05792b3b5bca98341c3cd8417c7bf6c97bedeed5090ccaf6771c2610723
"oggetto: invito account collaboratore buongiorno, l'account temporaneo per il consulente approvato è pronto per l'attivazione amministrativa. il servizio coinvolto è people services. il referente deve completare la procedura dalla console interna entro la data indicata. non comunicare password o codici via email; per dubbi usa i contatti pubblicati nella intranet. grazie, customer care — banca esempio",0,synthetic_legitimate_hard_negative_v1,batch_10/b10-mixed_operations-09.txt,9b8d89083213ef0bc16edc4d3e165ea47c5303b03f371ae9541064c8fef5616a
"oggetto: rimborso pronto per la verifica ciao, questa è una comunicazione informativa relativa a gestione contratti. la nota spese è stata elaborata e attende il normale controllo del centro di costo. apri la pratica dal portale trasferte e confronta ricevute e importi già inseriti. se hai già completato l'operazione puoi ignorare il promemoria. cordiali saluti, service desk — aurora manufacturing",0,synthetic_legitimate_hard_negative_v1,batch_10/b10-mixed_operations-10.txt,fafb6aee2e7acd097328ff015f7a77611910498caabd51190339b952b764911a
"oggetto: ritiro ordine confermato gentile collega, per gestione contratti: il corriere abituale ha confermato il ritiro presso il magazzino nella fascia concordata. indicazione operativa: controlla il numero d'ordine nel gestionale; non sono richiesti nuovi pagamenti. accedi sempre dal preferito aziendale o dall'app ufficiale, senza usare link ricevuti da mittenti sconosciuti. sistemi informativi — università delta",0,synthetic_legitimate_hard_negative_v1,batch_10/b10-mixed_operations-11.txt,d6aadbda8b05aac25c6a22915c039ba3d086d795e2c83dcd6597970370c74303
"oggetto: invito account collaboratore salve, per gestione contratti registriamo il seguente aggiornamento: l'account temporaneo per il consulente approvato è pronto per l'attivazione amministrativa. il referente deve completare la procedura dalla console interna entro la data indicata. per assistenza apri una richiesta dal catalogo servizi interno indicando l'oggetto di questa comunicazione. a disposizione, amministrazione — cooperativa orione",0,synthetic_legitimate_hard_negative_v1,batch_10/b10-mixed_operations-12.txt,48cc097f1fefe60a424601d041fb836b8c2f83d39b2bab7fa07f5af6a491d6ad
"subject: expense report ready for review hello, the expense report was processed and awaits the standard cost-center review. this notice concerns travel portal. open the case in the travel portal and compare the receipts already submitted. never send passwords or verification codes by email; use the support details in the company directory if you need help. regards, people services — blue yonder group",0,synthetic_legitimate_hard_negative_v1,batch_10/b10-mixed_operations-13.txt,5d808ec49db6e7af8b1c53cce3e45ab6ea68992ab2ee81c188ac1446e8306705
"subject: order pickup confirmed hi, this is an informational message about travel portal. the regular courier confirmed pickup from the warehouse during the agreed time window. check the purchase order in the internal system; no additional payment is requested. if you have already completed the task, no further action is required. best regards, it service desk — northwind research",0,synthetic_legitimate_hard_negative_v1,batch_10/b10-mixed_operations-14.txt,6bced9bd60d79bf3d3b4dbc7ded61db93019a00dcbd568d3cbfafc19a507fcfd
"subject: expense report ready for review dear colleague, for central warehouse: the expense report was processed and awaits the standard cost-center review. recommended step: open the case in the travel portal and compare the receipts already submitted. open the service from your saved corporate portal or its official application, not from an unexpected message. operations team — contoso europe",0,synthetic_legitimate_hard_negative_v1,batch_10/b10-mixed_operations-15.txt,2d265721718dd574c59fa78dd605f5b107f1783a605ea97319fa7993c1648e9f
"subject: order pickup confirmed good morning, central warehouse recorded this routine update: the regular courier confirmed pickup from the warehouse during the agreed time window. check the purchase order in the internal system; no additional payment is requested. for assistance, open a request from the internal service catalog and quote this notification's subject. customer support — example financial",0,synthetic_legitimate_hard_negative_v1,batch_10/b10-mixed_operations-16.txt,13050397848fb0ebe439574dd64722181f25338d7be79922c99363c8ffd92e9b
"subject: expense report ready for review hello, the expense report was processed and awaits the standard cost-center review. this notice concerns people services. open the case in the travel portal and compare the receipts already submitted. never send passwords or verification codes by email; use the support details in the company directory if you need help. regards, people services — blue yonder group",0,synthetic_legitimate_hard_negative_v1,batch_10/b10-mixed_operations-17.txt,6c013dbcabdfbed956913157666efc537f43b1fb9b79169ec27ce72b06499da6
"subject: order pickup confirmed hi, this is an informational message about people services. the regular courier confirmed pickup from the warehouse during the agreed time window. check the purchase order in the internal system; no additional payment is requested. if you have already completed the task, no further action is required. best regards, it service desk — northwind research",0,synthetic_legitimate_hard_negative_v1,batch_10/b10-mixed_operations-18.txt,dfc9d62b0ab8a5eba9f18c59fc5c90132280dc17b2ae24954a2f8aa375544b28
"subject: expense report ready for review dear colleague, for contract management: the expense report was processed and awaits the standard cost-center review. recommended step: open the case in the travel portal and compare the receipts already submitted. open the service from your saved corporate portal or its official application, not from an unexpected message. operations team — contoso europe",0,synthetic_legitimate_hard_negative_v1,batch_10/b10-mixed_operations-19.txt,b5c590a1e96cd3576c7249ceff091bd7236d28662dbcbd1f9ec4400b8fb433e4
"subject: order pickup confirmed good morning, contract management recorded this routine update: the regular courier confirmed pickup from the warehouse during the agreed time window. check the purchase order in the internal system; no additional payment is requested. for assistance, open a request from the internal service catalog and quote this notification's subject. customer support — example financial",0,synthetic_legitimate_hard_negative_v1,batch_10/b10-mixed_operations-20.txt,32c8b7f1722ecae4210bc40ba19b3b4f12a28fe74d3b76aa9f085f6f141e3a01
